DATE,PERMNO,SHRCD,EXCHCD,SICCD,DLRETX,DLRET,SHROUT,PRC,VOL,RET,RETX
20010131,10145,11,1,3714,,,804936,47.25000,1074721,-0.001321,-0.001321
20010228,10145,11,1,3714,,,804936,46.73000,803077,-0.007037,-0.011005
20010330,10145,11,1,3724,,,804936,40.80000,1223251,-0.126899,-0.126899
20010430,10145,11,1,3724,,,804936,48.88000,948065,0.198039,0.198039
20010531,10145,11,1,3724,,,809281,48.40000,840581,-0.009820,-0.009820
20010629,10145,11,1,3724,,,809281,34.99000,4157950,-0.277066,-0.277066
20010731,10145,11,1,3724,,,809281,36.87000,1624712,0.059088,0.053730
20010831,10145,11,1,3724,,,811616,37.26000,671087,0.015663,0.010578
20010928,10145,11,1,3724,,,811616,26.40000,1168528,-0.291465,-0.291465
20011031,10145,11,1,3724,,,811619,29.55000,830551,0.119318,0.119318
20011130,10145,11,1,3724,,,813189,33.14000,638714,0.127834,0.121489
20011231,10145,11,1,3724,,,813189,33.82000,551044,0.020519,0.020519
20020131,10145,11,1,3724,,,813189,33.61000,1021523,-0.006209,-0.006209
20020228,10145,11,1,3724,,,813189,38.12000,954270,0.139765,0.134186
20020328,10145,11,1,3724,,,814966,38.27000,698909,0.003935,0.003935
20020430,10145,11,1,3724,,,814966,36.68000,725925,-0.041547,-0.041547
20020531,10145,11,1,3724,,,817610,39.20000,567383,0.073814,0.068702
20020628,10145,11,1,3724,,,817611,35.23000,564921,-0.101276,-0.101276
20020731,10145,11,1,3724,,,817611,32.36000,794099,-0.081465,-0.081465
20020830,10145,11,1,3724,,,819290,29.95000,753999,-0.068680,-0.074475
20020930,10145,11,1,3724,,,819290,21.66000,1197400,-0.276795,-0.276795
20021031,10145,11,1,3724,,,819290,23.94000,941812,0.105263,0.105263
20021129,10145,11,1,3724,,,821051,26.01000,963061,0.094298,0.086466
20021231,10145,11,1,3724,,,821051,24.00000,866909,-0.077278,-0.077278
20030131,10145,11,1,3724,,,821051,24.44000,717515,0.018333,0.018333
20030228,10145,11,1,3724,,,821051,22.89000,579608,-0.055749,-0.063421
20030331,10145,11,1,3724,,,855585,21.36000,945258,-0.066841,-0.066841
20030430,10145,11,1,3724,,,855585,23.60000,740508,0.104869,0.104869
20030530,10145,11,1,3724,,,857902,26.20000,815617,0.118114,0.110170
20030630,10145,11,1,3724,,,857902,26.85000,896300,0.024809,0.024809
20030731,10145,11,1,3724,,,857902,28.28000,746209,0.053259,0.053259
20030829,10145,11,1,3724,,,860055,28.99000,584345,0.031736,0.025106
20030930,10145,11,1,3724,,,860055,26.35000,756222,-0.091066,-0.091066
20031031,10145,11,1,3724,,,860055,30.61000,831301,0.161670,0.161670
20031128,10145,11,1,3724,,,862051,29.69000,561124,-0.023930,-0.030056
20031231,10145,11,1,3724,,,862051,33.43000,1001211,0.125968,0.125968
20040130,10145,11,1,3724,,,862051,36.12000,948883,0.080467,0.080467
20040227,10145,11,1,3724,,,862051,35.05000,622961,-0.024432,-0.029623
20040331,10145,11,1,3724,,,858795,33.85000,740682,-0.034237,-0.034237
20040430,10145,11,1,3724,,,858795,34.58000,602408,0.021566,0.021566
20040528,10145,11,1,3724,,,859196,33.70000,484310,-0.020026,-0.025448
20040630,10145,11,1,3724,,,859196,36.63000,618342,0.086944,0.086944
20040730,10145,11,1,3724,,,859196,37.61000,739611,0.026754,0.026754
20040831,10145,11,1,3724,,,859572,35.98000,677365,-0.038354,-0.043340
20040930,10145,11,1,3724,,,859572,35.86000,585407,-0.003335,-0.003335
20041029,10145,11,1,3724,,,859572,33.68000,890727,-0.060792,-0.060792
20041130,10145,11,1,3724,,,860168,35.33000,660125,0.054558,0.048991
20041231,10145,11,1,3724,,,860168,35.41000,861597,0.002264,0.002264
20050131,10145,11,1,3724,,,860168,35.98000,821259,0.016097,0.016097
20050228,10145,11,1,3724,,,850772,37.97000,759916,0.061041,0.055309
20050331,10145,11,1,3724,,,850772,37.21000,806275,-0.020016,-0.020016
20050429,10145,11,1,3724,,,850772,35.76000,688235,-0.038968,-0.038968
20050531,10145,11,1,3724,,,853030,36.23000,893758,0.018911,0.013143
20050630,10145,11,1,3724,,,853030,36.63000,794350,0.011041,0.011041
20050729,10145,11,1,3724,,,853030,39.28000,856371,0.072345,0.072345
20050831,10145,11,1,3724,,,855147,38.28000,614665,-0.020207,-0.025458
20050930,10145,11,1,3724,,,855147,37.50000,672886,-0.020376,-0.020376
20051031,10145,11,1,3724,,,842759,34.20000,913881,-0.088000,-0.088000
20051130,10145,11,1,3724,,,842759,36.54000,809312,0.074452,0.068421
20051230,10145,11,1,3724,,,842759,37.25000,948868,0.019431,0.019431
20060131,10145,11,1,3724,,,842759,38.42000,770941,0.031409,0.031409
20060228,10145,11,1,3724,,,842759,40.95000,898915,0.071756,0.065851
20060331,10145,11,1,3724,,,831304,42.77000,681418,0.044444,0.044444
20060428,10145,11,1,3724,,,827938,42.50000,687227,-0.006313,-0.006313
20060531,10145,11,1,3724,,,827938,41.18000,721445,-0.025721,-0.031059
20060630,10145,11,1,3724,,,827938,40.30000,761585,-0.021370,-0.021370
20060731,10145,11,1,3724,,,818941,38.70000,960226,-0.039702,-0.039702
20060831,10145,11,1,3724,,,818941,38.72000,731596,0.006379,0.000517
20060929,10145,11,1,3724,,,818941,40.90000,674877,0.056302,0.056302
20061031,10145,11,1,3724,,,816510,42.12000,794238,0.029829,0.029829
20061130,10145,11,1,3724,,,816510,42.98000,685499,0.025804,0.020418
20061229,10145,11,1,3724,,,816510,45.24000,856399,0.052583,0.052583
20070131,10145,11,1,3724,,,816510,45.69000,670514,0.009947,0.009947
20070228,10145,11,1,3724,,,799928,46.40000,730004,0.021011,0.015540
20070330,10145,11,1,3724,,,794532,46.06000,927978,-0.007328,-0.007328
20070430,10145,11,1,3724,,,779718,54.18000,1034270,0.176292,0.176292
20070531,10145,11,1,3724,,,779718,57.91000,1810490,0.073459,0.068845
20070629,10145,11,1,3724,,,779718,56.28000,1048249,-0.028147,-0.028147
20070731,10145,11,1,3724,,,748396,57.51000,1138470,0.021855,0.021855
20070831,10145,11,1,3724,,,748396,56.15000,1254939,-0.019301,-0.023648
20070928,10145,11,1,3724,,,748396,59.47000,780476,0.059127,0.059127
20071031,10145,11,1,3724,,,746770,60.41000,821300,0.015806,0.015806
20071130,10145,11,1,3724,,,746770,56.62000,1086627,-0.058600,-0.062738
20071231,10145,11,1,3724,,,746770,61.57000,871319,0.087425,0.087425
20080131,10145,11,1,3724,,,746770,59.07000,1234897,-0.040604,-0.040604
20080229,10145,11,1,3724,,,744383,57.54000,1181254,-0.021246,-0.025901
20080331,10145,11,1,3724,,,741000,56.42000,1018651,-0.019465,-0.019465
20080430,10145,11,1,3724,,,741524,59.40000,1033195,0.052818,0.052818
20080530,10145,11,1,3724,,,741524,59.62000,724397,0.008333,0.003704
20080630,10145,11,1,3724,,,741524,50.28000,1254834,-0.156659,-0.156659
20080731,10145,11,1,3724,,,744436,50.84000,1502241,0.011138,0.011138
20080829,10145,11,1,3724,,,744436,50.17000,753281,-0.007770,-0.013179
20080930,10145,11,1,3724,,,744436,41.55000,1469922,-0.171816,-0.171816
20081031,10145,11,1,3724,,,726287,30.45000,2315203,-0.267148,-0.267148
20081128,10145,11,1,3724,,,726287,27.86000,1291626,-0.076026,-0.085057
20081231,10145,11,1,3724,,,726287,32.83000,1627978,0.178392,0.178392
20090130,10145,11,1,3724,,,726287,32.81000,1280851,-0.000609,-0.000609
20090227,10145,11,1,3724,,,735181,26.83000,1500736,-0.173042,-0.182262
20090331,10145,11,1,3724,,,735753,27.86000,1640393,0.038390,0.038390
20090430,10145,11,1,3724,,,743849,31.21000,1640626,0.120244,0.120244
20090529,10145,11,1,3724,,,743849,33.16000,1335226,0.072172,0.062480
20090630,10145,11,1,3724,,,743849,31.40000,1304628,-0.053076,-0.053076
20090731,10145,11,1,3724,,,752054,34.70000,1250877,0.105096,0.105096
20090831,10145,11,1,3724,,,752054,36.76000,1038482,0.068084,0.059366
20090930,10145,11,1,3724,,,752054,37.15000,1373442,0.010609,0.010609
20091030,10145,11,1,3724,,,763044,35.89000,1347432,-0.033917,-0.033917
20091130,10145,11,1,3724,,,763044,38.47000,889378,0.080315,0.071886
20091231,10145,11,1,3724,,,763044,39.20000,1081774,0.018976,0.018976
20100129,10145,11,1,3724,,,763044,38.64000,1163568,-0.014286,-0.014286
20100226,10145,11,1,3724,,,764552,40.16000,1079882,0.047166,0.039337
20100331,10145,11,1,3724,,,764976,45.27000,1241253,0.127241,0.127241
20100430,10145,11,1,3724,,,766182,47.47000,1083840,0.048597,0.048597
20100528,10145,11,1,3724,,,766182,42.77000,1372768,-0.092637,-0.099010
20100630,10145,11,1,3724,,,766182,39.03000,1339396,-0.087445,-0.087445
20100730,10145,11,1,3724,,,772210,42.86000,1100621,0.098130,0.098130
20100831,10145,11,1,3724,,,772210,39.06000,979612,-0.081603,-0.088661
20100930,10145,11,1,3724,,,772210,43.94000,1016920,0.124936,0.124936
20101029,10145,11,1,3724,,,780173,47.11000,1024534,0.072144,0.072144
20101130,10145,11,1,3724,,,780173,49.71000,1116205,0.061611,0.055190
20101231,10145,11,1,3724,,,780173,53.16000,850779,0.069403,0.069403
20110131,10145,11,1,3724,,,780173,56.01000,842845,0.053612,0.053612
20110228,10145,11,1,3724,,,784122,57.91000,653305,0.039859,0.033923
20110331,10145,11,1,3724,,,785076,59.71000,965934,0.031083,0.031083
20110429,10145,11,1,3724,,,787008,61.23000,884654,0.025456,0.025456
20110531,10145,11,1,3724,,,787008,59.55000,875780,-0.022007,-0.027438
20110630,10145,11,1,3724,,,787008,59.59000,857294,0.000672,0.000672
20110729,10145,11,1,3724,,,782425,53.10000,915187,-0.108911,-0.108911
20110831,10145,11,1,3724,,,782425,47.81000,2042783,-0.093362,-0.099623
20110930,10145,11,1,3724,,,782425,43.91000,1227444,-0.081573,-0.081573
20111031,10145,11,1,3724,,,773497,52.40000,1186839,0.193350,0.193350
20111130,10145,11,1,3724,,,773497,54.15000,974254,0.040506,0.033397
20111230,10145,11,1,3724,A,A,773497,54.35000,792166,0.003693,0.003693
20010131,11850,11,1,2911,,,3476189,84.15000,1558784,-0.032063,-0.032063
20010228,11850,11,1,2911,,,3476189,81.05000,1009365,-0.031610,-0.036839
20010330,11850,11,1,2911,,,3455409,81.00000,1389363,-0.000617,-0.000617
20010430,11850,11,1,2911,,,3456242,88.60000,1329121,0.093827,0.093827
20010531,11850,11,1,2911,,,3449876,88.75000,1282388,0.006659,0.001693
20010629,11850,11,1,2911,,,3449876,87.35000,1249299,-0.015549,-0.015775
20010731,11850,11,1,2911,,,6899752,41.76000,1605509,-0.043847,-0.043847
20010831,11850,11,1,2911,,,6899752,40.15000,1902282,-0.033046,-0.038554
20010928,11850,11,1,2911,,,6899752,39.40000,1949010,-0.018680,-0.018680
20011031,11850,11,1,2911,,,6899752,39.45000,2250183,0.001269,0.001269
20011130,11850,11,1,2911,,,6840530,37.40000,2415837,-0.046134,-0.051964
20011231,11850,11,1,2911,,,6840530,39.30000,2394474,0.050802,0.050802
20020131,11850,11,1,2911,,,6840530,39.05000,1997333,-0.006361,-0.006361
20020228,11850,11,1,2911,,,6840530,41.30000,2011085,0.063508,0.057618
20020328,11850,11,1,2911,,,6840530,43.83000,2210537,0.061259,0.061259
20020430,11850,11,1,2911,,,6793172,40.17000,2413965,-0.083505,-0.083505
20020531,11850,11,1,2911,,,6782021,39.93000,2145225,-0.000249,-0.005975
20020628,11850,11,1,2911,,,6782021,40.92000,2342775,0.024793,0.024793
20020731,11850,11,1,2911,,,6782021,36.76000,4198746,-0.101662,-0.101662
20020830,11850,11,1,2911,,,6757441,35.45000,2560172,-0.029380,-0.035636
20020930,11850,11,1,2911,,,6757441,31.90000,2375303,-0.100141,-0.100141
20021031,11850,11,1,2911,,,6757441,33.66000,3257212,0.055172,0.055172
20021129,11850,11,1,2911,,,6728898,34.80000,2195210,0.040701,0.033868
20021231,11850,11,1,2911,,,6728898,34.94000,2459601,0.004023,0.004023
20030131,11850,11,1,2911,,,6700000,34.15000,2685613,-0.022610,-0.022610
20030228,11850,11,1,2911,,,6700000,34.02000,2206165,0.002928,-0.003807
20030331,11850,11,1,2911,,,6689882,34.95000,2711439,0.027337,0.027337
20030430,11850,11,1,2911,,,6691464,35.20000,2258480,0.007153,0.007153
20030530,11850,11,1,2911,,,6679391,36.40000,2420389,0.041193,0.034091
20030630,11850,11,1,2911,,,6679391,35.91000,2503935,-0.013462,-0.013462
20030731,11850,11,1,2911,,,6679391,35.58000,2610712,-0.009190,-0.009190
20030829,11850,11,1,2911,,,6636855,37.70000,2128503,0.066610,0.059584
20030930,11850,11,1,2911,,,6636855,36.60000,2243683,-0.029178,-0.029178
20031031,11850,11,1,2911,,,6636855,36.58000,2561947,-0.000546,-0.000546
20031128,11850,11,1,2911,,,6609800,36.20000,2248128,-0.003554,-0.010388
20031231,11850,11,1,2911,,,6609800,41.00000,2581145,0.132597,0.132597
20040130,11850,11,1,2911,,,6568000,40.79000,2386818,-0.005122,-0.005122
20040227,11850,11,1,2911,,,6568000,42.17000,1996605,0.039961,0.033832
20040331,11850,11,1,2911,,,6557523,41.59000,2856726,-0.013754,-0.013754
20040430,11850,11,1,2911,,,6540000,42.55000,2252123,0.023082,0.023082
20040528,11850,11,1,2911,,,6540046,43.25000,2378737,0.022797,0.016451
20040630,11850,11,1,2911,,,6540046,44.41000,2515816,0.026821,0.026821
20040730,11850,11,1,2911,,,6540046,46.30000,2179522,0.042558,0.042558
20040831,11850,11,1,2911,,,6505507,46.10000,2476314,0.001512,-0.004320
20040930,11850,11,1,2911,,,6505507,48.33000,2632469,0.048373,0.048373
20041029,11850,11,1,2911,,,6505507,49.22000,2478375,0.018415,0.018415
20041130,11850,11,1,2911,,,6451296,51.25000,2450903,0.046729,0.041243
20041231,11850,11,1,2911,,,6451296,51.26000,2896978,0.000195,0.000195
20050131,11850,11,1,2911,,,6451296,51.60000,2453585,0.006633,0.006633
20050228,11850,11,1,2911,,,6385358,63.31000,3696491,0.232171,0.226938
20050331,11850,11,1,2911,,,6385358,59.60000,5530662,-0.058601,-0.058601
20050429,11850,11,1,2911,,,6389362,57.03000,4228521,-0.043121,-0.043121
20050531,11850,11,1,2911,,,6365735,56.20000,4023471,-0.009469,-0.014554
20050630,11850,11,1,2911,,,6365735,57.47000,3616622,0.022598,0.022598
20050729,11850,11,1,2911,,,6365735,58.75000,3314077,0.022272,0.022272
20050831,11850,11,1,2911,,,6305132,59.90000,3967289,0.024511,0.019574
20050930,11850,11,1,2911,,,6305132,63.54000,4314869,0.060768,0.060768
20051031,11850,11,1,2911,,,6305132,56.14000,5208318,-0.116462,-0.116462
20051130,11850,11,1,2911,,,6222396,58.03000,3924633,0.038831,0.033666
20051230,11850,11,1,2911,,,6222396,56.17000,3339732,-0.032052,-0.032052
20060131,11850,11,1,2911,,,6133000,62.75000,4093184,0.117144,0.117144
20060228,11850,11,1,2911,,,6106333,59.37000,3662864,-0.048765,-0.053865
20060331,11850,11,1,2911,,,6106333,60.86000,4235352,0.025097,0.025097
20060428,11850,11,1,2911,,,6091189,63.08000,3413392,0.036477,0.036477
20060531,11850,11,1,2911,,,6050324,60.91000,4348811,-0.029328,-0.034401
20060630,11850,11,1,2911,,,6050324,61.35000,5043284,0.007224,0.007224
20060731,11850,11,1,2911,,,5945000,67.74000,4200493,0.104156,0.104156
20060831,11850,11,1,2911,,,5944957,67.67000,5075209,0.003691,-0.001033
20060929,11850,11,1,2911,,,5944957,67.10000,4745987,-0.008423,-0.008423
20061031,11850,11,1,2911,,,5832000,71.42000,4586074,0.064382,0.064382
20061130,11850,11,1,2911,,,5832488,76.81000,4075587,0.079950,0.075469
20061229,11850,11,1,2911,,,5832488,76.63000,3866279,-0.002343,-0.002343
20070131,11850,11,1,2911,,,5832488,74.10000,5048420,-0.033016,-0.033016
20070228,11850,11,1,2911,,,5693399,71.68000,4016740,-0.028340,-0.032659
20070330,11850,11,1,2911,,,5675439,75.45000,6123735,0.052595,0.052595
20070430,11850,11,1,2911,,,5633000,79.38000,4527110,0.052087,0.052087
20070531,11850,11,1,2911,,,5633270,83.17000,4466289,0.052154,0.047745
20070629,11850,11,1,2911,,,5633270,83.88000,5072519,0.008537,0.008537
20070731,11850,11,1,2911,,,5546000,85.13000,5596511,0.014902,0.014902
20070831,11850,11,1,2911,,,5546262,85.73000,6874294,0.011159,0.007048
20070928,11850,11,1,2911,,,5546262,92.56000,4462503,0.079669,0.079669
20071031,11850,11,1,2911,,,5546262,91.99000,5135047,-0.006158,-0.006158
20071130,11850,11,1,2911,,,5463626,89.16000,5479184,-0.026959,-0.030764
20071231,11850,11,1,2911,,,5463626,93.69000,3866979,0.050808,0.050808
20080131,11850,11,1,2911,,,5463626,86.40000,6156267,-0.077810,-0.077810
20080229,11850,11,1,2911,,,5350027,87.01000,4910748,0.011111,0.007060
20080331,11850,11,1,2911,,,5350027,84.58000,6087677,-0.027928,-0.027928
20080430,11850,11,1,2911,,,5331547,93.07000,4830980,0.100378,0.100378
20080530,11850,11,1,2911,,,5283694,88.76000,5758718,-0.042011,-0.046309
20080630,11850,11,1,2911,,,5283694,88.13000,5657684,-0.007098,-0.007098
20080731,11850,11,1,2911,,,5283694,80.43000,6854842,-0.087371,-0.087371
20080829,11850,11,1,2911,,,5194003,80.01000,5430527,-0.000249,-0.005222
20080930,11850,11,1,2911,,,5194003,77.66000,7709190,-0.029371,-0.029371
20081031,11850,11,1,2911,,,5087000,74.12000,13845105,-0.045583,-0.045583
20081128,11850,11,1,2911,,,5086649,80.15000,10076141,0.086751,0.081355
20081231,11850,11,1,2911,,,5086649,79.83000,9977666,-0.003993,-0.003993
20090130,11850,11,1,2911,,,5086649,76.48000,8447808,-0.041964,-0.041964
20090227,11850,11,1,2911,,,4976000,67.90000,7715785,-0.106956,-0.112186
20090331,11850,11,1,2911,,,4941630,68.10000,9335388,0.002945,0.002945
20090430,11850,11,1,2911,,,4922926,66.67000,6328963,-0.020999,-0.020999
20090529,11850,11,1,2911,,,4879710,69.35000,5305886,0.046498,0.040198
20090630,11850,11,1,2911,,,4879710,69.91000,5970244,0.008075,0.008075
20090731,11850,11,1,2911,,,4806000,70.39000,5603673,0.006866,0.006866
20090831,11850,11,1,2911,,,4805790,69.15000,4377095,-0.011649,-0.017616
20090930,11850,11,1,2911,,,4805790,68.61000,4192284,-0.007809,-0.007809
20091030,11850,11,1,2911,,,4747000,71.67000,5013427,0.044600,0.044600
20091130,11850,11,1,2911,,,4747284,75.07000,3564544,0.053300,0.047440
20091231,11850,11,1,2911,,,4731898,68.19000,6489832,-0.091648,-0.091648
20100129,11850,11,1,2911,,,4731898,64.43000,5965357,-0.055140,-0.055140
20100226,11850,11,1,2911,,,4721273,65.00000,5348905,0.015366,0.008847
20100331,11850,11,1,2911,,,4721273,66.98000,5828071,0.030462,0.030462
20100430,11850,11,1,2911,,,4698000,67.77000,5313388,0.011794,0.011794
20100528,11850,11,1,2911,,,4681795,60.46000,7687117,-0.101372,-0.107865
20100630,11850,11,1,2911,,,5098295,57.07000,8085676,-0.056070,-0.056070
20100730,11850,11,1,2911,,,5092000,59.68000,6135343,0.045733,0.045733
20100831,11850,11,1,2911,,,5091804,59.11000,4757384,-0.002178,-0.009551
20100930,11850,11,1,2911,,,5091804,61.79000,4234216,0.045339,0.045339
20101029,11850,11,1,2911,,,5043000,66.49000,4304986,0.076064,0.076064
20101130,11850,11,1,2911,,,5042557,69.56000,4864111,0.052790,0.046172
20101231,11850,11,1,2911,,,5042557,73.12000,4092743,0.051179,0.051179
20110131,11850,11,1,2911,,,5042557,80.68000,4494291,0.103392,0.103392
20110228,11850,11,1,2911,,,4958598,85.53000,4436565,0.065568,0.060114
20110331,11850,11,1,2911,,,4958598,84.13000,4396444,-0.016369,-0.016369
20110429,11850,11,1,2911,,,4926000,87.98000,3099523,0.045763,0.045763
20110531,11850,11,1,2911,,,4926086,83.47000,4040538,-0.045920,-0.051262
20110630,11850,11,1,2911,,,4926086,81.38000,4444463,-0.025039,-0.025039
20110729,11850,11,1,2911,,,4862000,79.79000,3755057,-0.019538,-0.019538
20110831,11850,11,1,2911,,,4862115,74.02000,7742181,-0.066424,-0.072315
20110930,11850,11,1,2911,,,4862115,72.63000,5505658,-0.018779,-0.018779
20111031,11850,11,1,2911,,,4862115,78.09000,5141993,0.075176,0.075176
20111130,11850,11,1,2911,,,4793208,80.44000,4443710,0.036112,0.030094
20111230,11850,11,1,2911,A,A,4793208,84.76000,3801837,0.053705,0.053705
20010131,12060,11,1,3641,,,9908802,45.98000,4898056,-0.040834,-0.040834
20010228,12060,11,1,3641,,,9908802,46.50000,3611776,0.011309,0.011309
20010330,12060,11,1,3641,,,9932929,41.86000,6454023,-0.096344,-0.099785
20010430,12060,11,1,3641,,,9933071,48.53000,4287431,0.159341,0.159341
20010531,12060,11,1,3641,,,9933071,49.00000,3591825,0.009685,0.009685
20010629,12060,11,1,3641,,,9933071,48.75000,5676054,-0.005102,-0.005102
20010731,12060,11,1,3641,,,9934846,43.50000,4065936,-0.104410,-0.107692
20010831,12060,11,1,3641,,,9934846,40.98000,3698848,-0.057931,-0.057931
20010928,12060,11,1,3641,,,9934846,37.20000,6071251,-0.088336,-0.092240
20011031,12060,11,1,3641,,,9934846,36.41000,4337375,-0.021237,-0.021237
20011130,12060,11,1,3641,,,9927381,38.50000,3333624,0.057402,0.057402
20011231,12060,11,1,3641,,,9932753,40.08000,4477171,0.045714,0.041039
20020131,12060,11,1,3641,,,9932753,37.15000,4872658,-0.073104,-0.073104
20020228,12060,11,1,3641,,,9937500,38.50000,4537671,0.041184,0.036339
20020328,12060,11,1,3641,,,9935630,37.45000,5033104,-0.027273,-0.027273
20020430,12060,11,1,3641,,,9935630,31.55000,6446086,-0.157543,-0.157543
20020531,12060,11,1,3641,,,9937771,31.14000,5028670,-0.012995,-0.012995
20020628,12060,11,1,3641,,,9937771,29.05000,5669242,-0.061336,-0.067116
20020731,12060,11,1,3641,,,9937771,32.20000,8270241,0.108434,0.108434
20020830,12060,11,1,3641,,,9949471,30.15000,5636725,-0.063665,-0.063665
20020930,12060,11,1,3641,,,9949471,24.65000,5869072,-0.176451,-0.182421
20021031,12060,11,1,3641,,,9949471,25.25000,7575554,0.024341,0.024341
20021129,12060,11,1,3641,,,9949471,27.12000,5645552,0.074059,0.074059
20021231,12060,11,1,3641,,,9949471,24.35000,4101952,-0.095133,-0.102139
20030131,12060,11,1,3641,,,9949471,23.14000,4619930,-0.049692,-0.049692
20030228,12060,11,1,3641,,,9961925,24.05000,4243318,0.047537,0.039326
20030331,12060,11,1,3641,,,9974910,25.50000,5238964,0.060291,0.060291
20030430,12060,11,1,3641,,,9993192,29.45000,4234995,0.154902,0.154902
20030530,12060,11,1,3641,,,9994362,28.70000,3853582,-0.025467,-0.025467
20030630,12060,11,1,3641,,,9994362,28.68000,4209838,0.005923,-0.000697
20030731,12060,11,1,3641,,,9994362,28.44000,4627269,-0.008368,-0.008368
20030829,12060,11,1,3641,,,10018846,29.57000,3364886,0.039733,0.039733
20030930,12060,11,1,3641,,,11144681,29.81000,4236094,0.014542,0.008116
20031031,12060,11,1,3641,,,11144681,29.01000,4775440,-0.026837,-0.026837
20031128,12060,11,1,3641,,,11144681,28.67000,4109213,-0.011720,-0.011720
20031231,12060,11,1,3641,,,10040860,30.98000,4283136,0.087548,0.080572
20040130,12060,11,1,3641,,,10007163,33.63000,4449989,0.085539,0.085539
20040227,12060,11,1,3641,,,10007163,32.52000,3388341,-0.027059,-0.033006
20040331,12060,11,1,3641,,,10082220,30.52000,8769844,-0.061501,-0.061501
20040430,12060,11,1,3641,,,11144681,29.95000,6504809,-0.018676,-0.018676
20040528,12060,11,1,3641,,,11144681,31.12000,3965363,0.039065,0.039065
20040630,12060,11,1,3641,,,10558247,32.40000,5884764,0.047558,0.041131
20040730,12060,11,1,3641,,,10558247,33.25000,4527757,0.026235,0.026235
20040831,12060,11,1,3641,,,10558247,32.79000,3260469,-0.013835,-0.013835
20040930,12060,11,1,3641,,,10572133,33.58000,3605578,0.030192,0.024093
20041029,12060,11,1,3641,,,10572133,34.12000,3197153,0.016081,0.016081
20041130,12060,11,1,3641,,,10572133,35.36000,3638430,0.036342,0.036342
20041231,12060,11,1,3641,,,10572133,36.50000,4010069,0.038462,0.032240
20050131,12060,11,1,3641,,,10572133,36.13000,3832153,-0.010137,-0.010137
20050228,12060,11,1,3641,,,10599919,35.20000,3148624,-0.019651,-0.025740
20050331,12060,11,1,3641,,,10605920,36.06000,3966135,0.024432,0.024432
20050429,12060,11,1,3641,,,10605920,36.20000,4312765,0.003882,0.003882
20050531,12060,11,1,3641,,,10605920,36.48000,3392432,0.007735,0.007735
20050630,12060,11,1,3641,,,10605920,34.65000,5025276,-0.044134,-0.050164
20050729,12060,11,1,3641,,,10605920,34.50000,4355843,-0.004329,-0.004329
20050831,12060,11,1,3641,,,10600811,33.61000,4137817,-0.025797,-0.025797
20050930,12060,11,1,3641,,,10600811,33.67000,4584868,0.008331,0.001785
20051031,12060,11,1,3641,,,10566167,33.91000,4737172,0.007128,0.007128
20051130,12060,11,1,3641,,,10566167,35.72000,4428589,0.053377,0.053377
20051230,12060,11,1,3641,,,10566167,35.05000,4559718,-0.011758,-0.018757
20060131,12060,11,1,3641,,,10566167,32.75000,6593941,-0.065621,-0.065621
20060228,12060,11,1,3641,,,10566167,32.87000,4843998,0.011298,0.003664
20060331,12060,11,1,3641,,,10398398,34.78000,5734705,0.058108,0.058108
20060428,12060,11,1,3641,,,10398398,34.59000,4774473,-0.005463,-0.005463
20060531,12060,11,1,3641,,,10398398,34.26000,5022643,-0.009540,-0.009540
20060630,12060,11,1,3641,,,10398398,32.96000,5743316,-0.030648,-0.037945
20060731,12060,11,1,3641,,,10323359,32.69000,4753801,-0.008192,-0.008192
20060831,12060,11,1,3641,,,10323359,34.06000,4070032,0.041909,0.041909
20060929,12060,11,1,3641,,,10323359,35.30000,4604382,0.043746,0.036406
20061031,12060,11,1,3641,,,10323359,35.11000,5573674,-0.005382,-0.005382
20061130,12060,11,1,3641,,,10308102,35.28000,4617767,0.004842,0.004842
20061229,12060,11,1,3641,,,10308102,37.21000,6473818,0.062642,0.054705
20070131,12060,11,1,3641,,,10308102,36.05000,6507626,-0.031174,-0.031174
20070228,12060,11,1,3641,,,10283130,34.91000,6068544,-0.023856,-0.031623
20070330,12060,11,1,3641,,,10283130,35.36000,7928882,0.012890,0.012890
20070430,12060,11,1,3641,,,10288157,36.86000,7846870,0.042421,0.042421
20070531,12060,11,1,3641,,,10288157,37.58000,6700307,0.019533,0.019533
20070629,12060,11,1,3641,,,10288157,38.28000,8802396,0.026078,0.018627
20070731,12060,11,1,3641,,,10246177,38.76000,8745357,0.012539,0.012539
20070831,12060,11,1,3511,,,10246177,38.87000,10424306,0.002838,0.002838
20070928,12060,11,1,3511,,,10246177,41.40000,6813341,0.072292,0.065089
20071031,12060,11,1,3511,,,10246177,41.16000,7229278,-0.005797,-0.005797
20071130,12060,11,1,3511,,,10106209,38.29000,8942237,-0.069728,-0.069728
20071231,12060,11,1,3511,,,10106209,37.07000,8348022,-0.023766,-0.031862
20080131,12060,11,1,3511,,,10106209,35.36000,11035768,-0.046129,-0.046129
20080229,12060,11,1,3511,,,9985669,33.14000,8479255,-0.054016,-0.062783
20080331,12060,11,1,3511,,,9981861,37.01000,11589561,0.116777,0.116777
20080430,12060,11,1,3511,,,9967400,32.70000,13783578,-0.116455,-0.116455
20080530,12060,11,1,3511,,,9967400,30.72000,10598979,-0.060551,-0.060551
20080630,12060,11,1,3511,,,9967400,26.69000,15017129,-0.121094,-0.131185
20080731,12060,11,1,3511,,,9948028,28.29000,14840011,0.059948,0.059948
20080829,12060,11,1,3511,,,9948028,28.10000,8686562,-0.006716,-0.006716
20080930,12060,11,1,3511,,,9948028,25.50000,21484828,-0.081495,-0.092527
20081031,12060,11,1,3511,,,9955456,19.51000,36958134,-0.234902,-0.234902
20081128,12060,11,1,3511,,,9955456,17.17000,25050952,-0.119939,-0.119939
20081231,12060,11,1,3511,,,10522186,16.20000,21129275,-0.038439,-0.056494
20090130,12060,11,1,3511,,,10522186,12.13000,22469144,-0.251235,-0.251235
20090227,12060,11,1,3511,,,10569000,8.51000,33831058,-0.272877,-0.298434
20090331,12060,11,1,3511,,,10569000,10.11000,59733515,0.188014,0.188014
20090430,12060,11,1,3511,,,10569000,12.65000,26900863,0.251236,0.251236
20090529,12060,11,1,3511,,,10589575,13.48000,20066917,0.065613,0.065613
20090630,12060,11,1,3511,,,10589575,11.72000,18320226,-0.123145,-0.130564
20090731,12060,11,1,3511,,,10589575,13.40000,21077280,0.143345,0.143345
20090831,12060,11,1,3511,,,10626842,13.90000,17497926,0.037313,0.037313
20090930,12060,11,1,3511,,,10626842,16.42000,26611647,0.188489,0.181295
20091030,12060,11,1,3511,,,10626842,14.26000,21363083,-0.131547,-0.131547
20091130,12060,11,1,3511,,,10647495,16.02000,15384640,0.123422,0.123422
20091231,12060,11,1,3511,,,10647495,15.13000,13294954,-0.049313,-0.055556
20100129,12060,11,1,3511,,,10647495,16.08000,16032088,0.062789,0.062789
20100226,12060,11,1,3511,,,10669821,16.06000,14084104,0.004975,-0.001244
20100331,12060,11,1,3511,,,10672872,18.20000,20800304,0.133250,0.133250
20100430,12060,11,1,3511,,,10672872,18.86000,16205127,0.036264,0.036264
20100528,12060,11,1,3511,,,10676518,16.35000,20608194,-0.133086,-0.133086
20100630,12060,11,1,3511,,,10676518,14.42000,17602826,-0.111927,-0.118043
20100730,12060,11,1,3511,,,10676518,16.12000,15276691,0.117892,0.117892
20100831,12060,11,1,3511,,,10691220,14.48000,12744051,-0.101737,-0.101737
20100930,12060,11,1,3511,,,10691220,16.25000,12106826,0.130525,0.122238
20101029,12060,11,1,3511,,,10691220,16.02000,13201537,-0.014154,-0.014154
20101130,12060,11,1,3511,,,10654718,15.83000,11095263,-0.011860,-0.011860
20101231,12060,11,1,3511,,,10654718,18.29000,12298715,0.164245,0.155401
20110131,12060,11,1,3511,,,10654718,20.14000,14765584,0.101148,0.101148
20110228,12060,11,1,3511,,,10618489,20.92000,9624655,0.045680,0.038729
20110331,12060,11,1,3511,,,10618489,20.05000,14298573,-0.041587,-0.041587
20110429,12060,11,1,3511,,,10618489,20.45000,10841496,0.019950,0.019950
20110531,12060,11,1,3511,,,10605447,19.64000,9117413,-0.039609,-0.039609
20110630,12060,11,1,3511,,,10605447,18.86000,11422591,-0.032077,-0.039715
20110729,12060,11,1,3511,,,10600337,17.91000,10664303,-0.050371,-0.050371
20110831,12060,11,1,3511,,,10600337,16.31000,20860706,-0.089336,-0.089336
20110930,12060,11,1,3511,,,10600337,15.22000,17768016,-0.057633,-0.066830
20111031,12060,11,1,3511,,,10600337,16.71000,14370949,0.097897,0.097897
20111130,12060,11,1,3511,,,10557351,15.91000,12540110,-0.047875,-0.047875
20111230,12060,11,1,3511,A,A,10557351,17.91000,15093340,0.136392,0.125707
20010131,12490,11,1,3571,,,1754380,112.00000,1989212,0.317647,0.317647
20010228,12490,11,1,3571,,,1754380,99.90000,1564325,-0.106875,-0.108036
20010330,12490,11,1,3571,,,1760804,96.18000,2545545,-0.037237,-0.037237
20010430,12490,11,1,3571,,,1760804,115.14000,2262675,0.197130,0.197130
20010531,12490,11,1,3571,,,1737418,111.80000,1593936,-0.027792,-0.029008
20010629,12490,11,1,3571,,,1737418,113.00000,1429350,0.010733,0.010733
20010731,12490,11,1,3571,,,1737418,105.21000,1609928,-0.068938,-0.068938
20010831,12490,11,1,3571,,,1736660,99.95000,1434130,-0.048665,-0.049995
20010928,12490,11,1,3571,,,1736660,91.72000,1893088,-0.082341,-0.082341
20011031,12490,11,1,3571,,,1736660,108.07000,2244650,0.178260,0.178260
20011130,12490,11,1,3571,,,1722642,115.59000,1351395,0.070880,0.069584
20011231,12490,11,1,3571,,,1722642,120.96000,1334960,0.046457,0.046457
20020131,12490,11,1,3571,,,1722642,107.89000,1935412,-0.108052,-0.108052
20020228,12490,11,1,3571,,,1722642,98.12000,1723812,-0.089258,-0.090555
20020328,12490,11,1,3571,,,1723200,104.00000,1518659,0.059927,0.059927
20020430,12490,11,1,3571,,,1723200,83.76000,2465020,-0.194615,-0.194615
20020531,12490,11,1,3571,,,1711889,80.45000,1727341,-0.037727,-0.039518
20020628,12490,11,1,3571,,,1711889,72.00000,1909721,-0.105034,-0.105034
20020731,12490,11,1,3571,,,1711889,70.40000,2462339,-0.022222,-0.022222
20020830,12490,11,1,3571,,,1694323,75.38000,1661002,0.072869,0.070739
20020930,12490,11,1,3571,,,1694323,58.31000,1856629,-0.226453,-0.226453
20021031,12490,11,1,3571,,,1694323,78.94000,2859479,0.353799,0.353799
20021129,12490,11,1,3571,,,1690088,86.92000,1844365,0.102990,0.101089
20021231,12490,11,1,3571,,,1690088,77.50000,1516404,-0.108375,-0.108375
20030131,12490,11,1,3571,,,1690088,78.20000,1941591,0.009032,0.009032
20030228,12490,11,1,3571,,,1690088,77.95000,1456822,-0.001279,-0.003197
20030331,12490,11,1,3571,,,1722600,78.43000,1920509,0.006158,0.006158
20030430,12490,11,1,3571,,,1722600,84.90000,1779942,0.082494,0.082494
20030530,12490,11,1,3571,,,1728000,88.04000,1495874,0.038869,0.036985
20030630,12490,11,1,3571,,,1728000,82.50000,1876926,-0.062926,-0.062926
20030731,12490,11,1,3571,,,1730000,81.25000,1537447,-0.015152,-0.015152
20030829,12490,11,1,3571,,,1730181,82.01000,1138646,0.011323,0.009354
20030930,12490,11,1,3571,,,1730181,88.33000,1720752,0.077064,0.077064
20031031,12490,11,1,3571,,,1730181,89.48000,1560667,0.013019,0.013019
20031128,12490,11,1,3571,,,1720423,90.54000,979976,0.013634,0.011846
20031231,12490,11,1,3571,,,1720423,92.68000,1160672,0.023636,0.023636
20040130,12490,11,1,3571,,,1720423,99.23000,1394776,0.070673,0.070673
20040227,12490,11,1,3571,,,1720423,96.50000,976373,-0.025899,-0.027512
20040331,12490,11,1,3571,,,1699416,91.84000,1246275,-0.048290,-0.048290
20040430,12490,11,1,3571,,,1699416,88.17000,1106471,-0.039961,-0.039961
20040528,12490,11,1,3571,,,1685371,88.59000,1047088,0.006805,0.004764
20040630,12490,11,1,3571,,,1685371,88.15000,921248,-0.004967,-0.004967
20040730,12490,11,1,3571,,,1675192,87.07000,1211733,-0.012252,-0.012252
20040831,12490,11,1,3571,,,1675192,84.69000,917984,-0.025267,-0.027334
20040930,12490,11,1,3571,,,1675192,85.74000,938557,0.012398,0.012398
20041029,12490,11,1,3571,,,1664697,89.75000,1186598,0.046769,0.046769
20041130,12490,11,1,3571,,,1664697,94.24000,1149965,0.052033,0.050028
20041231,12490,11,1,3571,,,1664697,98.58000,1082497,0.046053,0.046053
20050131,12490,11,1,3571,,,1664697,93.42000,1148066,-0.052343,-0.052343
20050228,12490,11,1,3571,,,1632629,92.58000,802581,-0.007065,-0.008992
20050331,12490,11,1,3571,,,1632629,91.38000,1075088,-0.012962,-0.012962
20050429,12490,11,1,3571,,,1613321,76.38000,2175501,-0.164150,-0.164150
20050531,12490,11,1,3571,,,1613321,75.55000,1389057,-0.008248,-0.010867
20050630,12490,11,1,3571,,,1613321,74.20000,1377932,-0.017869,-0.017869
20050729,12490,11,1,3571,,,1595791,83.46000,1571802,0.124798,0.124798
20050831,12490,11,1,3571,,,1595791,80.62000,1050638,-0.031632,-0.034028
20050930,12490,11,1,3571,,,1595791,80.22000,1156901,-0.004962,-0.004962
20051031,12490,11,1,3571,,,1579517,81.88000,1413377,0.020693,0.020693
20051130,12490,11,1,3571,,,1579517,88.90000,1108741,0.088178,0.085735
20051230,12490,11,1,3571,,,1579517,82.20000,1203340,-0.075366,-0.075366
20060131,12490,11,1,3571,,,1570000,81.30000,1465532,-0.010949,-0.010949
20060228,12490,11,1,3571,,,1570000,80.24000,1110585,-0.010578,-0.013038
20060331,12490,11,1,3571,,,1567313,82.47000,1118107,0.027792,0.027792
20060428,12490,11,1,3571,,,1550395,82.34000,1140213,-0.001576,-0.001576
20060531,12490,11,1,3571,,,1550395,79.90000,1132364,-0.025990,-0.029633
20060630,12490,11,1,3571,,,1550395,76.82000,1395323,-0.038548,-0.038548
20060731,12490,11,1,3571,,,1521839,77.41000,1372659,0.007680,0.007680
20060831,12490,11,1,3571,,,1521839,80.97000,1008665,0.049864,0.045989
20060929,12490,11,1,3571,,,1521839,81.94000,1030279,0.011980,0.011980
20061031,12490,11,1,3571,,,1506352,92.33000,1705206,0.126800,0.126800
20061130,12490,11,1,3571,,,1506352,91.92000,1044366,-0.001191,-0.004441
20061229,12490,11,1,3571,,,1506352,97.15000,1045510,0.056897,0.056897
20070131,12490,11,1,3571,,,1506352,99.15000,1928647,0.020587,0.020587
20070228,12490,11,1,3571,,,1505529,92.94000,1257950,-0.059607,-0.062632
20070330,12490,11,1,3571,,,1505529,94.26000,1634895,0.014203,0.014203
20070430,12490,11,1,3571,,,1484827,102.21000,1668675,0.084341,0.084341
20070531,12490,11,1,3571,,,1484827,106.60000,1466071,0.046864,0.042951
20070629,12490,11,1,3571,,,1484827,105.25000,1696650,-0.012664,-0.012664
20070731,12490,11,1,3571,,,1360407,110.65000,2127592,0.051306,0.051306
20070831,12490,11,1,3571,,,1360407,116.69000,2028032,0.058202,0.054587
20070928,12490,11,1,3571,,,1360407,117.80000,1322426,0.009512,0.009512
20071031,12490,11,1,3571,,,1377955,116.12000,1716686,-0.014261,-0.014261
20071130,12490,11,1,3571,,,1377955,105.18000,2012356,-0.090768,-0.094213
20071231,12490,11,1,3571,,,1377955,108.10000,1341877,0.027762,0.027762
20080131,12490,11,1,3571,,,1377955,107.11000,2476835,-0.009158,-0.009158
20080229,12490,11,1,3571,,,1385200,113.86000,1682894,0.066754,0.063019
20080331,12490,11,1,3571,,,1384331,115.14000,1799561,0.011242,0.011242
20080430,12490,11,1,3571,,,1373479,120.70000,1921528,0.048289,0.048289
20080530,12490,11,1,3571,,,1373479,129.42999,1595242,0.076471,0.072328
20080630,12490,11,1,3571,,,1373479,118.53000,1523498,-0.084215,-0.084215
20080731,12490,11,1,3571,,,1354840,127.98000,2008968,0.079727,0.079727
20080829,12490,11,1,3571,,,1354840,121.73000,1370374,-0.044929,-0.048836
20080930,12490,11,1,3571,,,1354840,116.96000,2184843,-0.039185,-0.039185
20081031,12490,11,1,3571,,,1343458,92.97000,3150692,-0.205113,-0.205113
20081128,12490,11,1,3571,,,1343458,81.60000,2185038,-0.116919,-0.122298
20081231,12490,11,1,3571,,,1343458,84.16000,1890815,0.031373,0.031373
20090130,12490,11,1,3571,,,1340000,91.65000,2090213,0.088997,0.088997
20090227,12490,11,1,3571,,,1341678,92.03000,2230417,0.009602,0.004146
20090331,12490,11,1,3571,,,1341678,96.89000,2861506,0.052809,0.052809
20090430,12490,11,1,3571,,,1321397,103.21000,2137517,0.065229,0.065229
20090529,12490,11,1,3571,,,1321397,106.28000,1531058,0.035074,0.029745
20090630,12490,11,1,3571,,,1320000,104.42000,1605214,-0.017501,-0.017501
20090731,12490,11,1,3571,,,1310884,117.93000,1762527,0.129381,0.129381
20090831,12490,11,1,3571,,,1310884,118.05000,1125574,0.005681,0.001018
20090930,12490,11,1,3571,,,1310884,119.61000,1315370,0.013215,0.013215
20091030,12490,11,1,3571,,,1313603,120.61000,1837168,0.008361,0.008361
20091130,12490,11,1,3571,,,1313603,126.35000,1178212,0.052152,0.047591
20091231,12490,11,1,3571,,,1313603,130.89999,1246612,0.036011,0.036011
20100129,12490,11,1,3571,,,1313603,122.39000,1561372,-0.065011,-0.065011
20100226,12490,11,1,3571,,,1299003,127.16000,1132326,0.043468,0.038974
20100331,12490,11,1,3571,,,1299003,128.25000,1400578,0.008572,0.008572
20100430,12490,11,1,3571,,,1282348,129.00000,1464423,0.005848,0.005848
20100528,12490,11,1,3571,,,1282348,125.26000,1884720,-0.023953,-0.028992
20100630,12490,11,1,3571,,,1282348,123.48000,1620390,-0.014210,-0.014210
20100730,12490,11,1,3571,,,1261278,128.39999,1440941,0.039844,0.039844
20100831,12490,11,1,3571,,,1261278,123.13000,1174205,-0.035981,-0.041044
20100930,12490,11,1,3571,,,1242361,134.14000,1161902,0.089418,0.089418
20101029,12490,11,1,3571,,,1242361,143.60001,1373597,0.070523,0.070523
20101130,12490,11,1,3571,,,1242361,141.46001,1041291,-0.010376,-0.014903
20101231,12490,11,1,3571,,,1242361,146.75999,934126,0.037466,0.037466
20110131,12490,11,1,3571,,,1242361,162.00000,1188537,0.103843,0.103843
20110228,12490,11,1,3571,,,1219536,161.88000,891022,0.003272,-0.000741
20110331,12490,11,1,3571,,,1219536,163.07001,1297991,0.007351,0.007351
20110429,12490,11,1,3571,,,1211200,170.58000,1008491,0.046054,0.046054
20110531,12490,11,1,3571,,,1211200,168.92999,1108756,-0.005276,-0.009673
20110630,12490,11,1,3571,,,1211200,171.55000,1054599,0.015509,0.015509
20110729,12490,11,1,3571,,,1194278,181.85001,1136104,0.060041,0.060041
20110831,12490,11,1,3571,,,1194278,171.91000,1950862,-0.050536,-0.054660
20110930,12490,11,1,3571,,,1194278,174.87000,1379477,0.017218,0.017218
20111031,12490,11,1,3571,,,1178618,184.63000,1444888,0.055813,0.055813
20111130,12490,11,1,3571,,,1178618,188.00000,970323,0.022315,0.018253
20111230,12490,11,1,3571,A,A,1178618,183.88000,1034552,-0.021915,-0.021915
20010131,19561,11,1,3721,,,888449,58.50000,826361,-0.113636,-0.113636
20010228,19561,11,1,3721,,,888449,62.20000,532267,0.066154,0.063248
20010330,19561,11,1,3721,,,874064,55.71000,991711,-0.104341,-0.104341
20010430,19561,11,1,3721,,,874064,61.80000,649590,0.109316,0.109316
20010531,19561,11,1,3721,,,872379,62.89000,652705,0.020388,0.017638
20010629,19561,11,1,3721,,,872379,55.60000,844342,-0.115917,-0.115917
20010731,19561,11,1,3721,,,872379,58.53000,638937,0.052698,0.052698
20010831,19561,11,1,3721,,,806094,51.20000,638230,-0.122330,-0.125235
20010928,19561,11,1,3721,,,806094,33.50000,1505383,-0.345703,-0.345703
20011031,19561,11,1,3721,,,806094,32.60000,1250765,-0.026866,-0.026866
20011130,19561,11,1,3721,,,806094,35.10000,844895,0.081902,0.076687
20011231,19561,11,1,3721,,,797972,38.78000,697625,0.104843,0.104843
20020131,19561,11,1,3721,,,797972,40.95000,805483,0.055957,0.055957
20020228,19561,11,1,3721,,,797972,45.96000,772339,0.126496,0.122344
20020328,19561,11,1,3721,,,798294,48.25000,751116,0.049826,0.049826
20020430,19561,11,1,3721,,,798294,44.60000,1024633,-0.075648,-0.075648
20020531,19561,11,1,3721,,,799017,42.65000,607497,-0.039910,-0.043722
20020628,19561,11,1,3721,,,799017,45.00000,562601,0.055100,0.055100
20020731,19561,11,1,3721,,,799017,41.52000,976659,-0.077333,-0.077333
20020830,19561,11,1,3721,,,799277,37.07000,920132,-0.103083,-0.107177
20020930,19561,11,1,3721,,,799277,34.13000,662484,-0.079309,-0.079309
20021031,19561,11,1,3721,,,799277,29.75000,1106378,-0.128333,-0.128333
20021129,19561,11,1,3721,,,799341,34.05000,811901,0.150252,0.144538
20021231,19561,11,1,3721,,,799341,32.99000,555183,-0.031131,-0.031131
20030131,19561,11,1,3721,,,799341,31.59000,562403,-0.042437,-0.042437
20030228,19561,11,1,3721,,,799978,27.56000,647044,-0.122191,-0.127572
20030331,19561,11,1,3721,,,800040,25.06000,1021703,-0.090711,-0.090711
20030430,19561,11,1,3721,,,800040,27.28000,992335,0.088587,0.088587
20030530,19561,11,1,3721,,,800139,30.67000,920260,0.130499,0.124267
20030630,19561,11,1,3721,,,800139,34.32000,1101974,0.119009,0.119009
20030731,19561,11,1,3721,,,800139,33.12000,901624,-0.034965,-0.034965
20030829,19561,11,1,3721,,,800163,37.39000,663457,0.134058,0.128925
20030930,19561,11,1,3721,,,800163,34.33000,697891,-0.081840,-0.081840
20031031,19561,11,1,3721,,,800216,38.49000,670457,0.121177,0.121177
20031128,19561,11,1,3721,,,800216,38.39000,577510,0.001819,-0.002598
20031231,19561,11,1,3721,,,800216,42.14000,759845,0.097682,0.097682
20040130,19561,11,1,3721,,,800216,41.75000,635723,-0.009255,-0.009255
20040227,19561,11,1,3721,,,800216,43.37000,695551,0.042874,0.038802
20040331,19561,11,1,3721,,,842990,41.07000,708930,-0.053032,-0.053032
20040430,19561,11,1,3721,,,843131,42.69000,538682,0.039445,0.039445
20040528,19561,11,1,3721,,,843131,45.80000,636497,0.077536,0.072851
20040630,19561,11,1,3721,,,843131,51.09000,754962,0.115502,0.115502
20040730,19561,11,1,3721,,,839434,50.75000,675427,-0.006655,-0.006655
20040831,19561,11,1,3721,,,839434,52.22000,655863,0.032906,0.028966
20040930,19561,11,1,3721,,,797434,51.62000,630171,-0.011490,-0.011490
20041029,19561,11,1,3721,,,839597,49.90000,694594,-0.033320,-0.033320
20041130,19561,11,1,3721,,,839597,53.57000,718602,0.077555,0.073547
20041231,19561,11,1,3721,,,839597,51.77000,638970,-0.033601,-0.033601
20050131,19561,11,1,3721,,,839597,50.60000,681563,-0.022600,-0.022600
20050228,19561,11,1,3721,,,832425,54.97000,755085,0.091304,0.086364
20050331,19561,11,1,3721,,,832425,58.46000,942425,0.063489,0.063489
20050429,19561,11,1,3721,,,826326,59.52000,837345,0.018132,0.018132
20050531,19561,11,1,3721,,,826326,63.90000,840700,0.077789,0.073589
20050630,19561,11,1,3721,,,826326,66.00000,1038556,0.032864,0.032864
20050729,19561,11,1,3721,,,820601,66.01000,708130,0.000152,0.000152
20050831,19561,11,1,3721,,,820601,67.02000,632498,0.019088,0.015301
20050930,19561,11,1,3721,,,820601,67.95000,879100,0.013876,0.013876
20051031,19561,11,1,3721,,,807265,64.64000,966194,-0.048712,-0.048712
20051130,19561,11,1,3721,,,807265,68.19000,841419,0.058787,0.054920
20051230,19561,11,1,3721,,,807265,70.24000,679907,0.030063,0.030063
20060131,19561,11,1,3721,,,807265,68.31000,769649,-0.027477,-0.027477
20060228,19561,11,1,3721,,,800387,72.69000,740492,0.068511,0.064120
20060331,19561,11,1,3721,,,800958,77.93000,667004,0.072087,0.072087
20060428,19561,11,1,3721,,,799579,83.45000,718205,0.070833,0.070833
20060531,19561,11,1,3721,,,799579,83.25000,820564,0.001198,-0.002397
20060630,19561,11,1,3721,,,799579,81.91000,1019885,-0.016096,-0.016096
20060731,19561,11,1,3721,,,794909,77.42000,840576,-0.054816,-0.054816
20060831,19561,11,1,3721,,,794909,74.90000,897471,-0.028675,-0.032550
20060929,19561,11,1,3721,,,794909,78.85000,788975,0.052737,0.052737
20061031,19561,11,1,3721,,,790739,79.86000,995759,0.012809,0.012809
20061130,19561,11,1,3721,,,790739,88.53000,1100382,0.112322,0.108565
20061229,19561,11,1,3721,,,790739,88.84000,629277,0.003502,0.003502
20070131,19561,11,1,3721,,,790739,89.56000,919187,0.008104,0.008104
20070228,19561,11,1,3721,,,789265,87.26000,821150,-0.021773,-0.025681
20070330,19561,11,1,3721,,,789112,88.91000,878404,0.018909,0.018909
20070430,19561,11,1,3721,,,787401,93.00000,879957,0.046002,0.046002
20070531,19561,11,1,3721,,,787401,100.59000,868932,0.085376,0.081613
20070629,19561,11,1,3721,,,787401,96.16000,945735,-0.044040,-0.044040
20070731,19561,11,1,3721,,,783712,103.43000,1076930,0.075603,0.075603
20070831,19561,11,1,3721,,,783712,96.70000,1369125,-0.061684,-0.065068
20070928,19561,11,1,3721,,,783712,104.99000,1076074,0.085729,0.085729
20071031,19561,11,1,3721,,,775063,98.59000,1841118,-0.060958,-0.060958
20071130,19561,11,1,3721,,,775063,92.54000,1392218,-0.057815,-0.061365
20071231,19561,11,1,3721,,,775063,87.46000,1243958,-0.054895,-0.054895
20080131,19561,11,1,3721,,,775063,83.18000,1838131,-0.048937,-0.048937
20080229,19561,11,1,3721,,,764833,82.79000,1149023,0.000120,-0.004689
20080331,19561,11,1,3721,,,764833,74.37000,1582061,-0.101703,-0.101703
20080430,19561,11,1,3721,,,751453,84.86000,1499830,0.141051,0.141051
20080530,19561,11,1,3721,,,751453,82.77000,1089243,-0.019915,-0.024629
20080630,19561,11,1,3721,,,751453,65.72000,1729553,-0.205992,-0.205992
20080731,19561,11,1,3721,,,710245,61.11000,1721653,-0.070146,-0.070146
20080829,19561,11,1,3721,,,710245,65.56000,1330442,0.079365,0.072819
20080930,19561,11,1,3721,,,710245,57.35000,1694790,-0.125229,-0.125229
20081031,19561,11,1,3721,,,704834,52.42000,2536883,-0.085963,-0.085963
20081128,19561,11,1,3721,,,704834,42.63000,1772538,-0.179130,-0.186761
20081231,19561,11,1,3721,,,704834,42.67000,1586457,0.000938,0.000938
20090130,19561,11,1,3721,,,704834,42.31000,1397196,-0.008437,-0.008437
20090227,19561,11,1,3721,,,698128,31.44000,1524612,-0.246987,-0.256913
20090331,19561,11,1,3721,,,699793,35.58000,2275947,0.131679,0.131679
20090430,19561,11,1,3721,,,697198,40.05000,1584237,0.125632,0.125632
20090529,19561,11,1,3721,,,726198,44.85000,1192915,0.130337,0.119850
20090630,19561,11,1,3721,,,726198,42.50000,2039889,-0.052397,-0.052397
20090731,19561,11,1,3721,,,726432,42.91000,1580124,0.009647,0.009647
20090831,19561,11,1,3721,,,726432,49.67000,1503442,0.167327,0.157539
20090930,19561,11,1,3721,,,726432,54.15000,1094665,0.090195,0.090195
20091030,19561,11,1,3721,,,726599,47.80000,1269487,-0.117267,-0.117267
20091130,19561,11,1,3721,,,726599,52.41000,838327,0.105230,0.096444
20091231,19561,11,1,3721,,,726599,54.13000,1034825,0.032818,0.032818
20100129,19561,11,1,3721,,,726599,60.60000,1306888,0.119527,0.119527
20100226,19561,11,1,3721,,,756976,63.16000,1087531,0.049175,0.042244
20100331,19561,11,1,3721,,,756976,72.61000,1638719,0.149620,0.149620
20100430,19561,11,1,3721,,,759037,72.43000,1178726,-0.002479,-0.002479
20100528,19561,11,1,3721,,,759037,64.18000,1526170,-0.108104,-0.113903
20100630,19561,11,1,3721,,,759037,62.75000,1419413,-0.022281,-0.022281
20100730,19561,11,1,3721,,,731681,68.14000,1100292,0.085896,0.085896
20100831,19561,11,1,3721,,,731681,61.13000,992459,-0.096713,-0.102876
20100930,19561,11,1,3721,,,731681,66.54000,976772,0.088500,0.088500
20101029,19561,11,1,3721,,,733580,70.64000,976017,0.061617,0.061617
20101130,19561,11,1,3721,,,733580,63.77000,1501129,-0.091308,-0.097254
20101231,19561,11,1,3721,,,733580,65.26000,1039470,0.023365,0.023365
20110131,19561,11,1,3721,,,733580,69.48000,1287345,0.064664,0.064664
20110228,19561,11,1,3721,,,736296,72.01000,917314,0.042458,0.036413
20110331,19561,11,1,3721,,,737072,73.93000,1198694,0.026663,0.026663
20110429,19561,11,1,3721,,,738275,79.78000,951939,0.079129,0.079129
20110531,19561,11,1,3721,,,738275,78.03000,875515,-0.016671,-0.021935
20110630,19561,11,1,3721,,,738275,73.93000,1037613,-0.052544,-0.052544
20110729,19561,11,1,3721,,,741092,70.47000,1064368,-0.046801,-0.046801
20110831,19561,11,1,3721,,,741092,66.86000,1949409,-0.045267,-0.051227
20110930,19561,11,1,3721,,,741092,60.51000,1247743,-0.094975,-0.094975
20111031,19561,11,1,3721,,,743234,65.79000,1274533,0.087258,0.087258
20111130,19561,11,1,3721,,,743234,68.69000,1146154,0.050464,0.044080
20111230,19561,11,1,3721,A,A,743234,73.35000,1165742,0.067841,0.067841
20010131,22752,11,1,2834,,,2306098,82.18000,1455247,-0.122243,-0.122243
20010228,22752,11,1,2834,,,2306098,80.20000,979263,-0.024093,-0.024093
20010330,22752,11,1,2834,,,2302860,75.90000,1316725,-0.049377,-0.053616
20010430,22752,11,1,2834,,,2302860,75.97000,1126724,0.000922,0.000922
20010531,22752,11,1,2834,,,2293005,72.99000,1001528,-0.034751,-0.039226
20010629,22752,11,1,2834,,,2293005,63.91000,1221593,-0.124401,-0.124401
20010731,22752,11,1,2834,,,2293005,67.98000,1376351,0.063683,0.063683
20010831,22752,11,1,2834,,,2289439,65.10000,992081,-0.037217,-0.042365
20010928,22752,11,1,2834,,,2289439,66.60000,1178757,0.023041,0.023041
20011031,22752,11,1,2834,,,2289439,63.81000,1106980,-0.041892,-0.041892
20011130,22752,11,1,2834,,,2274710,67.75000,1006624,0.061746,0.061746
20011231,22752,11,1,2834,,,2274711,58.80000,1768933,-0.126937,-0.132103
20020131,22752,11,1,2834,,,2274711,59.18000,1375237,0.006463,0.006463
20020228,22752,11,1,2834,,,2274711,61.33000,1026868,0.036330,0.036330
20020328,22752,11,1,2834,,,2271051,57.58000,1431030,-0.055438,-0.061145
20020430,22752,11,1,2834,,,2271051,54.34000,1831797,-0.056270,-0.056270
20020531,22752,11,1,2834,,,2265172,57.10000,1189757,0.050791,0.050791
20020628,22752,11,1,2834,,,2265172,50.64000,1489845,-0.107005,-0.113135
20020731,22752,11,1,2834,,,2265172,49.60000,2438159,-0.020537,-0.020537
20020830,22752,11,1,2834,,,2249574,50.52000,1207123,0.018548,0.018548
20020930,22752,11,1,2834,,,2249574,45.71000,1156082,-0.088084,-0.095210
20021031,22752,11,1,2834,,,2249900,54.24000,1752464,0.186611,0.186611
20021129,22752,11,1,2834,,,2245556,59.41000,1560916,0.095317,0.095317
20021231,22752,11,1,2834,,,2245556,56.61000,1376172,-0.041071,-0.047130
20030131,22752,11,1,2834,,,2245556,55.39000,1266854,-0.021551,-0.021551
20030228,22752,11,1,2834,,,2245556,52.75000,952704,-0.047662,-0.047662
20030331,22752,11,1,2834,,,2244349,54.78000,1215315,0.045308,0.038483
20030430,22752,11,1,2834,,,2244349,58.18000,1261342,0.062066,0.062066
20030530,22752,11,1,2834,,,2242328,55.58000,1335533,-0.044689,-0.044689
20030630,22752,11,1,2834,,,2242328,60.55000,1405457,0.095898,0.089421
20030731,22752,11,1,2834,,,2242328,55.28000,1374411,-0.087036,-0.087036
20030829,22752,11,1,2834,,,2242328,50.32000,1365891,-0.036605,-0.036605
20030930,22752,11,1,2834,,,2242328,50.62000,1277501,0.013315,0.005962
20031031,22752,11,1,2834,,,2238835,44.25000,2037752,-0.125840,-0.125840
20031128,22752,11,1,2834,,,2224997,40.60000,2435440,-0.082486,-0.082486
20031231,22752,11,1,2834,,,2224997,46.20000,1935322,0.147044,0.137931
20040130,22752,11,1,2834,,,2224997,47.60000,1774150,0.030303,0.030303
20040227,22752,11,1,2834,,,2224997,48.08000,1308507,0.010084,0.010084
20040331,22752,11,1,2834,,,2224327,44.19000,1702992,-0.073211,-0.080907
20040430,22752,11,1,2834,,,2224327,47.00000,1266700,0.063589,0.063589
20040528,22752,11,1,2834,,,2222109,47.30000,1023509,0.006383,0.006383
20040630,22752,11,1,2834,,,2222109,47.50000,1121565,0.012051,0.004228
20040730,22752,11,1,2834,,,2222109,45.35000,1138765,-0.045263,-0.045263
20040831,22752,11,1,2834,,,2218706,44.97000,1086645,-0.008379,-0.008379
20040930,22752,11,1,2834,,,2218706,33.00000,2547535,-0.257727,-0.266177
20041029,22752,11,1,2834,,,2218706,31.31000,4649748,-0.051212,-0.051212
20041130,22752,11,1,2834,,,2217585,28.02000,5784471,-0.105078,-0.105078
20041231,22752,11,1,2834,,,2217585,32.14000,3521425,0.160600,0.147038
20050131,22752,11,1,2834,,,2217585,28.05000,2601246,-0.127256,-0.127256
20050228,22752,11,1,2834,,,2217585,31.70000,2664600,0.130125,0.130125
20050331,22752,11,1,2834,,,2208052,32.37000,1699550,0.033123,0.021136
20050429,22752,11,1,2834,,,2208052,33.90000,2159296,0.047266,0.047266
20050531,22752,11,1,2834,,,2203129,32.44000,1644422,-0.043068,-0.043068
20050630,22752,11,1,2834,,,2203129,30.80000,1570108,-0.038841,-0.050555
20050729,22752,11,1,2834,,,2203129,31.06000,1510708,0.008442,0.008442
20050831,22752,11,1,2834,,,2195583,28.23000,2605532,-0.078880,-0.091114
20050930,22752,11,1,2834,,,2195583,27.21000,1767118,-0.036132,-0.036132
20051031,22752,11,1,2834,,,2195583,28.22000,2097334,0.037119,0.037119
20051130,22752,11,1,2834,,,2186632,29.40000,2304040,0.055280,0.041814
20051230,22752,11,1,2834,,,2186632,31.81000,2649221,0.081973,0.081973
20060131,22752,11,1,2834,,,2186632,34.50000,2073602,0.084565,0.084565
20060228,22752,11,1,2834,,,2186632,34.86000,1732282,0.010435,0.010435
20060331,22752,11,1,2834,,,2187042,35.23000,1542236,0.021515,0.010614
20060428,22752,11,1,2834,,,2187042,34.42000,1683680,-0.022992,-0.022992
20060531,22752,11,1,2834,,,2182507,33.29000,2225585,-0.021790,-0.032830
20060630,22752,11,1,2834,,,2182507,36.43000,1958075,0.094323,0.094323
20060731,22752,11,1,2834,,,2182507,40.27000,2329167,0.105408,0.105408
20060831,22752,11,1,2834,,,2176128,40.55000,2479498,0.016389,0.006953
20060929,22752,11,1,2834,,,2176128,41.90000,1665995,0.033292,0.033292
20061031,22752,11,1,2834,,,2176128,45.42000,2224520,0.084009,0.084009
20061130,22752,11,1,2834,,,2171003,44.51000,2632119,-0.020035,-0.020035
20061229,22752,11,1,2834,,,2171003,43.60000,1999023,-0.011907,-0.020445
20070131,22752,11,1,2834,,,2171003,44.75000,1802610,0.026376,0.026376
20070228,22752,11,1,2834,,,2166483,44.15000,2042782,-0.013408,-0.013408
20070330,22752,11,1,2834,,,2169980,44.17000,2278862,0.009060,0.000453
20070430,22752,11,1,2834,,,2169980,51.44000,2551177,0.164591,0.164591
20070531,22752,11,1,2834,,,2167273,52.45000,2353554,0.019635,0.019635
20070629,22752,11,1,2834,,,2167273,49.80000,2671191,-0.043279,-0.050524
20070731,22752,11,1,2834,,,2167273,49.65000,2900793,-0.003012,-0.003012
20070831,22752,11,1,2834,,,2169064,50.17000,2519374,0.010473,0.010473
20070928,22752,11,1,2834,,,2169064,51.69000,1907274,0.037871,0.030297
20071031,22752,11,1,2834,,,2169064,58.26000,2414640,0.127104,0.127104
20071130,22752,11,1,2834,,,2176567,59.36000,3039615,0.018881,0.018881
20071231,22752,11,1,2834,,,2176567,58.11000,2252264,-0.014656,-0.021058
20080131,22752,11,1,2834,,,2176567,46.10000,4687595,-0.206677,-0.206677
20080229,22752,11,1,2834,,,2165290,44.30000,3011230,-0.039046,-0.039046
20080331,22752,11,1,2834,,,2184276,37.95000,3814395,-0.134763,-0.143341
20080430,22752,11,1,2834,,,2184276,38.04000,5769628,0.002372,0.002372
20080530,22752,11,1,2836,,,2146528,38.96000,2844668,0.024185,0.024185
20080630,22752,11,1,2836,,,2146528,37.69000,4229623,-0.022844,-0.032598
20080731,22752,11,1,2836,,,2146528,32.90000,5098443,-0.127089,-0.127089
20080829,22752,11,1,2836,,,2142474,35.67000,2592000,0.084194,0.084194
20080930,22752,11,1,2836,,,2142474,31.56000,3451979,-0.104570,-0.115223
20081031,22752,11,1,2836,,,2142474,30.95000,4720103,-0.019328,-0.019328
20081128,22752,11,1,2836,,,2114186,26.72000,2886670,-0.136672,-0.136672
20081231,22752,11,1,2836,,,2114186,30.40000,3298153,0.151946,0.137725
20090130,22752,11,1,2836,,,2114186,28.55000,2643335,-0.060855,-0.060855
20090227,22752,11,1,2836,,,2114186,24.20000,3023700,-0.152364,-0.152364
20090331,22752,11,1,2836,,,2107690,26.75000,5839327,0.121074,0.105372
20090430,22752,11,1,2836,,,2107690,24.24000,4394487,-0.093832,-0.093832
20090529,22752,11,1,2836,,,2108365,27.58000,4119624,0.137789,0.137789
20090630,22752,11,1,2836,,,2108780,27.96000,4496839,0.027556,0.013778
20090731,22752,11,1,2836,,,2108780,30.01000,4201669,0.073319,0.073319
20090831,22752,11,1,2836,,,2108865,32.43000,3037767,0.080640,0.080640
20090930,22752,11,1,2836,,,2108865,31.63000,3309918,-0.012951,-0.024669
20091030,22752,11,1,2836,,,2108865,30.93000,4709429,-0.022131,-0.022131
20091130,22752,11,1,2834,,,3054476,36.21000,4719597,0.170708,0.170708
20091231,22752,11,1,2834,,,3054476,36.54000,2976774,0.019608,0.009114
20100129,22752,11,1,2834,,,3054476,38.18000,3213807,0.044882,0.044882
20100226,22752,11,1,2834,,,3054476,36.88000,3049534,-0.034049,-0.034049
20100331,22752,11,1,2834,,,3115317,37.35000,3285379,0.023048,0.012744
20100430,22752,11,1,2834,,,3117651,35.04000,3940187,-0.061847,-0.061847
20100528,22752,11,1,2834,,,3118252,33.69000,4473562,-0.038527,-0.038527
20100630,22752,11,1,2834,,,3118252,34.97000,3911136,0.049273,0.037994
20100730,22752,11,1,2834,,,3118252,34.46000,3029370,-0.014584,-0.014584
20100831,22752,11,1,2834,,,3073593,35.16000,2377707,0.020313,0.020313
20100930,22752,11,1,2834,,,3073593,36.81000,2715571,0.057736,0.046928
20101029,22752,11,1,2834,,,3073593,36.31000,2151221,-0.013583,-0.013583
20101130,22752,11,1,2834,,,3080881,34.47000,3447081,-0.050675,-0.050675
20101231,22752,11,1,2834,,,3080881,36.04000,2811105,0.056571,0.045547
20110131,22752,11,1,2834,,,3080881,33.17000,4780268,-0.079634,-0.079634
20110228,22752,11,1,2834,,,3083081,32.57000,3083619,-0.018089,-0.018089
20110331,22752,11,1,2834,,,3083081,33.01000,4040303,0.025177,0.013509
20110429,22752,11,1,2834,,,3083081,35.95000,3088406,0.089064,0.089064
20110531,22752,11,1,2834,,,3086585,36.75000,2950433,0.022253,0.022253
20110630,22752,11,1,2834,,,3086585,35.29000,2565250,-0.029388,-0.039728
20110729,22752,11,1,2834,,,3086585,34.13000,2407791,-0.032870,-0.032870
20110831,22752,11,1,2834,,,3080797,33.09500,5099206,-0.030325,-0.030325
20110930,22752,11,1,2834,,,3080797,32.70000,3692819,-0.000453,-0.011935
20111031,22752,11,1,2834,,,3080797,34.50000,3664573,0.055046,0.055046
20111130,22752,11,1,2834,,,3047921,35.75000,3304881,0.036232,0.036232
20111230,22752,11,1,2834,A,A,3047921,37.70000,3743664,0.066294,0.054545
20010131,24109,11,1,4911,,,321723,43.25000,253446,-0.069892,-0.069892
20010228,24109,11,1,4911,,,321723,47.54000,161618,0.113064,0.099191
20010330,24109,11,1,4911,,,321723,47.00000,204963,-0.011359,-0.011359
20010430,24109,11,1,4911,,,321723,49.34000,196769,0.049787,0.049787
20010531,24109,11,1,4911,,,322152,50.20000,194140,0.029591,0.017430
20010629,24109,11,1,4911,,,322152,46.17000,184493,-0.080279,-0.080279
20010731,24109,11,1,4911,,,322152,45.00000,221770,-0.025341,-0.025341
20010831,24109,11,1,4911,,,322202,45.77000,176720,0.030444,0.017111
20010928,24109,11,1,4911,,,322202,43.23000,149883,-0.055495,-0.055495
20011031,24109,11,1,4911,,,322202,41.90000,205811,-0.030766,-0.030766
20011130,24109,11,1,4911,,,322202,41.25000,291058,-0.001193,-0.015513
20011231,24109,11,1,4911,,,322235,43.53000,235583,0.055273,0.055273
20020131,24109,11,1,4911,,,322235,41.74000,211669,-0.041121,-0.041121
20020228,24109,11,1,4911,,,322235,43.85000,217053,0.064926,0.050551
20020328,24109,11,1,4911,,,322388,46.09000,184427,0.051083,0.051083
20020430,24109,11,1,4911,,,322388,45.80000,218498,-0.006292,-0.006292
20020531,24109,11,1,4911,,,322822,42.73000,296977,-0.053930,-0.067031
20020628,24109,11,1,4911,,,322822,40.02000,507028,-0.063421,-0.063421
20020731,24109,11,1,4911,,,322822,32.91000,757900,-0.177661,-0.177661
20020830,24109,11,1,4911,,,338835,34.10000,414327,0.054391,0.036159
20020930,24109,11,1,4911,,,338835,28.51000,576245,-0.163930,-0.163930
20021031,24109,11,1,4911,,,338835,25.64000,1644193,-0.100666,-0.100666
20021129,24109,11,1,4911,,,338835,28.42000,515642,0.131825,0.108424
20021231,24109,11,1,4911,,,338835,27.33000,454740,-0.038353,-0.038353
20030131,24109,11,1,4911,,,338835,23.62000,776957,-0.135748,-0.135748
20030228,24109,11,1,4911,,,338835,21.78000,820729,-0.052498,-0.077900
20030331,24109,11,1,4911,,,394993,22.85000,469107,0.049128,0.049128
20030430,24109,11,1,4911,,,394993,26.38000,501660,0.154486,0.154486
20030530,24109,11,1,4911,,,394993,29.04000,413220,0.114102,0.100834
20030630,24109,11,1,4911,,,394993,29.83000,283436,0.027204,0.027204
20030731,24109,11,1,4911,,,394993,28.06000,301617,-0.059336,-0.059336
20030829,24109,11,1,4911,,,395002,28.31000,243360,0.021383,0.008909
20030930,24109,11,1,4911,,,395002,30.00000,208554,0.059696,0.059696
20031031,24109,11,1,4911,,,395002,28.19000,266860,-0.060333,-0.060333
20031128,24109,11,1,4911,,,395007,27.69000,251461,-0.005321,-0.017737
20031231,24109,11,1,4911,,,395007,30.51000,279832,0.101842,0.101842
20040130,24109,11,1,4911,,,395007,32.65000,246957,0.070141,0.070141
20040227,24109,11,1,4911,,,395007,34.50000,248767,0.067381,0.056662
20040331,24109,11,1,4911,,,395628,32.92000,269425,-0.045797,-0.045797
20040430,24109,11,1,4911,,,395628,30.44000,313815,-0.075334,-0.075334
20040528,24109,11,1,4911,,,395648,31.77000,262870,0.055191,0.043693
20040630,24109,11,1,4911,,,395648,32.00000,218643,0.007240,0.007240
20040730,24109,11,1,4911,,,395648,31.11000,203560,-0.027812,-0.027812
20040831,24109,11,1,4911,,,395658,32.73000,216467,0.063324,0.052073
20040930,24109,11,1,4911,,,395658,31.96000,207647,-0.023526,-0.023526
20041029,24109,11,1,4911,,,395658,32.93000,261739,0.030350,0.030350
20041130,24109,11,1,4911,,,395658,34.17000,271710,0.048284,0.037656
20041231,24109,11,1,4911,,,395658,34.34000,300732,0.004975,0.004975
20050131,24109,11,1,4911,,,395658,35.25000,324974,0.026500,0.026500
20050228,24109,11,1,4911,,,395658,33.40000,296863,-0.042553,-0.052482
20050331,24109,11,1,4911,,,396414,34.06000,381055,0.019760,0.019760
20050429,24109,11,1,4911,,,396414,35.22000,339643,0.034058,0.034058
20050531,24109,11,1,4911,,,384020,35.69000,304015,0.023282,0.013345
20050630,24109,11,1,4911,,,384020,36.87000,263040,0.033062,0.033062
20050729,24109,11,1,4911,,,384020,38.70000,297892,0.049634,0.049634
20050831,24109,11,1,4911,,,384772,37.18000,371092,-0.030233,-0.039276
20050930,24109,11,1,4911,,,384772,39.70000,470386,0.067778,0.067778
20051031,24109,11,1,4911,,,384772,37.96000,380323,-0.043829,-0.043829
20051130,24109,11,1,4911,,,393684,36.54000,358898,-0.027661,-0.037408
20051230,24109,11,1,4911,,,393684,37.09000,287650,0.015052,0.015052
20060131,24109,11,1,4911,,,393684,37.32000,276273,0.006201,0.006201
20060228,24109,11,1,4911,,,393684,36.50000,270480,-0.012058,-0.021972
20060331,24109,11,1,4911,,,393903,34.02000,369613,-0.067945,-0.067945
20060428,24109,11,1,4911,,,393903,33.46000,398366,-0.016461,-0.016461
20060531,24109,11,1,4911,,,393915,34.27000,578569,0.035266,0.024208
20060630,24109,11,1,4911,,,393915,34.25000,419383,-0.000584,-0.000584
20060731,24109,11,1,6719,,,393915,36.12000,342710,0.054599,0.054599
20060831,24109,11,1,6719,,,393975,36.48000,332121,0.020210,0.009967
20060929,24109,11,1,6719,,,393975,36.37000,327853,-0.003015,-0.003015
20061031,24109,11,1,6719,,,393975,41.43000,590172,0.139126,0.139126
20061130,24109,11,1,4911,,,395573,41.51000,371081,0.011344,0.001931
20061229,24109,11,1,4911,,,395573,42.58000,253914,0.025777,0.025777
20070131,24109,11,1,4911,,,395573,43.53000,391119,0.022311,0.022311
20070228,24109,11,1,4911,,,396675,44.90000,410525,0.040432,0.031473
20070330,24109,11,1,4911,,,397840,48.75000,505561,0.085746,0.085746
20070430,24109,11,1,4911,,,397840,50.22000,521004,0.030154,0.030154
20070531,24109,11,1,4911,,,398767,47.63000,541348,-0.043807,-0.051573
20070629,24109,11,1,4911,,,398767,45.04000,547352,-0.054377,-0.054377
20070731,24109,11,1,4911,,,398767,43.49000,564855,-0.034414,-0.034414
20070831,24109,11,1,4911,,,399204,44.48000,678579,0.031731,0.022764
20070928,24109,11,1,4911,,,399204,46.08000,335015,0.035971,0.035971
20071031,24109,11,1,4911,,,399204,48.21000,438225,0.046224,0.046224
20071130,24109,11,1,4911,,,400006,47.67000,433220,-0.002697,-0.011201
20071231,24109,11,1,4911,,,400006,46.56000,333128,-0.023285,-0.023285
20080131,24109,11,1,4911,,,400006,42.73000,776373,-0.082259,-0.082259
20080229,24109,11,1,4911,,,400427,40.92000,725799,-0.032764,-0.042359
20080331,24109,11,1,4911,,,401052,41.63000,537391,0.017351,0.017351
20080430,24109,11,1,4911,,,401052,44.63000,687290,0.072063,0.072063
20080530,24109,11,1,4911,,,401591,42.33000,593671,-0.042348,-0.051535
20080630,24109,11,1,4911,,,401591,40.23000,499947,-0.049610,-0.049610
20080731,24109,11,1,4911,,,401591,39.50000,584799,-0.018146,-0.018146
20080829,24109,11,1,4911,,,402259,39.04000,438152,-0.001266,-0.011646
20080930,24109,11,1,4911,,,402259,37.03000,621074,-0.051486,-0.051486
20081031,24109,11,1,4911,,,403555,32.63000,927987,-0.118823,-0.118823
20081128,24109,11,1,4911,,,403555,31.29000,709754,-0.028501,-0.041067
20081231,24109,11,1,4911,,,403555,33.28000,780731,0.063599,0.063599
20090130,24109,11,1,4911,,,403555,31.35000,642459,-0.057993,-0.057993
20090227,24109,11,1,4911,,,403555,28.05000,564791,-0.092185,-0.105263
20090331,24109,11,1,4911,,,406954,25.26000,1123456,-0.099465,-0.099465
20090430,24109,11,1,4911,,,476761,26.38000,1864125,0.044339,0.044339
20090529,24109,11,1,4911,,,476761,26.34000,968645,0.014026,-0.001516
20090630,24109,11,1,4911,,,476761,28.89000,1093654,0.096811,0.096811
20090731,24109,11,1,4911,,,476761,30.96000,927521,0.071651,0.071651
20090831,24109,11,1,4911,,,476791,31.43000,620045,0.028424,0.015181
20090930,24109,11,1,4911,,,476791,30.99000,765451,-0.013999,-0.013999
20091030,24109,11,1,4911,,,477658,30.22000,972845,-0.024847,-0.024847
20091130,24109,11,1,4911,,,477658,32.19000,872413,0.078756,0.065189
20091231,24109,11,1,4911,,,477658,34.79000,871949,0.080771,0.080771
20100129,24109,11,1,4911,,,477658,34.65000,731599,-0.004024,-0.004024
20100226,24109,11,1,4911,,,478054,33.62000,648249,-0.017893,-0.029726
20100331,24109,11,1,4911,,,478500,34.18000,577142,0.016657,0.016657
20100430,24109,11,1,4911,,,478500,34.30000,759711,0.003511,0.003511
20100528,24109,11,1,4911,,,478874,31.96000,978474,-0.055977,-0.068222
20100630,24109,11,1,4911,,,478874,32.30000,884849,0.010638,0.010638
20100730,24109,11,1,4911,,,479437,35.98000,862696,0.113932,0.113932
20100831,24109,11,1,4911,,,479437,35.41000,767644,-0.004169,-0.015842
20100930,24109,11,1,4911,,,479437,36.23000,600860,0.023157,0.023157
20101029,24109,11,1,4911,,,479437,37.44000,658654,0.033398,0.033398
20101130,24109,11,1,4911,,,480276,35.60000,561104,-0.036859,-0.049145
20101231,24109,11,1,4911,,,480276,35.98000,542018,0.010674,0.010674
20110131,24109,11,1,4911,,,480276,35.68000,647842,-0.008338,-0.008338
20110228,24109,11,1,4911,,,480807,35.78000,505234,0.015695,0.002803
20110331,24109,11,1,4911,,,481104,35.14000,905345,-0.017887,-0.017887
20110429,24109,11,1,4911,,,481104,36.48000,572806,0.038133,0.038133
20110531,24109,11,1,4911,,,481791,38.20000,931285,0.059759,0.047149
20110630,24109,11,1,4911,,,481791,37.68000,691164,-0.013613,-0.013613
20110729,24109,11,1,4911,,,482274,36.86000,785564,-0.021762,-0.021762
20110831,24109,11,1,4911,,,482274,38.63000,1239311,0.060499,0.048020
20110930,24109,11,1,4911,,,482274,38.02000,966540,-0.015791,-0.015791
20111031,24109,11,1,4911,,,482912,39.28000,734661,0.033140,0.033140
20111130,24109,11,1,4911,,,482912,39.68000,829018,0.022149,0.010183
20111230,24109,11,1,4911,A,A,482912,41.31000,686009,0.041079,0.041079
20010131,25785,11,1,3711,,,1825384,28.19000,1261918,0.215573,0.202773
20010228,25785,11,1,3711,,,1825384,27.81000,905576,-0.013480,-0.013480
20010330,25785,11,1,3711,,,1825384,28.12000,1310302,0.011147,0.011147
20010430,25785,11,1,3711,,,1761714,29.48000,1138593,0.059033,0.048364
20010531,25785,11,1,3711,,,1758726,24.35000,1459981,-0.174016,-0.174016
20010629,25785,11,1,3711,,,1758726,24.55000,1185103,0.008214,0.008214
20010731,25785,11,1,3711,,,1740944,25.47000,844264,0.037475,0.037475
20010831,25785,11,1,3711,,,1740944,19.87000,1312053,-0.208088,-0.219866
20010928,25785,11,1,3711,,,1740944,17.35000,1293370,-0.126824,-0.126824
20011031,25785,11,1,3711,,,1740945,16.05000,1264123,-0.066282,-0.074928
20011130,25785,11,1,3711,,,1740945,18.94000,1108046,0.180062,0.180062
20011231,25785,11,1,3711,,,1740945,15.72000,1443664,-0.170011,-0.170011
20020131,25785,11,1,3711,,,1738225,15.30000,3446501,-0.020356,-0.026718
20020228,25785,11,1,3711,,,1738225,14.88000,1806620,-0.027451,-0.027451
20020328,25785,11,1,3711,,,1738225,16.49000,2042672,0.108199,0.108199
20020430,25785,11,1,3711,,,1735711,16.00000,1596013,-0.029715,-0.029715
20020531,25785,11,1,3711,,,1741877,17.65000,1810684,0.109375,0.103125
20020628,25785,11,1,3711,,,1741877,16.00000,1498115,-0.093484,-0.093484
20020731,25785,11,1,3711,,,1741877,13.47000,2352666,-0.151875,-0.158125
20020830,25785,11,1,3711,,,1752025,11.77000,2009283,-0.126206,-0.126206
20020930,25785,11,1,3711,,,1752025,9.80000,2357728,-0.167375,-0.167375
20021031,25785,11,1,3711,,,1822000,8.46000,4000897,-0.126531,-0.136735
20021129,25785,11,1,3711,,,1764255,11.38000,2360712,0.345154,0.345154
20021231,25785,11,1,3711,,,1764255,9.30000,1868765,-0.182777,-0.182777
20030131,25785,11,1,3711,,,1764255,9.11000,1815980,-0.009677,-0.020430
20030228,25785,11,1,3711,,,1764255,8.32000,1381074,-0.086718,-0.086718
20030331,25785,11,1,3711,,,1760367,7.52000,3387882,-0.096154,-0.096154
20030430,25785,11,1,3711,,,1759662,10.30000,3262204,0.382979,0.369681
20030530,25785,11,1,3711,,,1759484,10.50000,2228331,0.019417,0.019417
20030630,25785,11,1,3711,,,1759484,10.99000,2460637,0.046667,0.046667
20030731,25785,11,1,3711,,,1759484,11.06000,1982540,0.015469,0.006369
20030829,25785,11,1,3711,,,1761118,11.56000,1536153,0.045208,0.045208
20030930,25785,11,1,3711,,,1761118,10.77000,1860651,-0.068339,-0.068339
20031031,25785,11,1,3711,,,1761118,12.13000,2429607,0.135562,0.126277
20031128,25785,11,1,3711,,,1760191,13.20000,2201029,0.088211,0.088211
20031231,25785,11,1,3711,,,1760191,16.00000,2802794,0.212121,0.212121
20040130,25785,11,1,3711,,,1760191,14.54000,2564006,-0.085000,-0.091250
20040227,25785,11,1,3711,,,1760191,13.75000,2258465,-0.054333,-0.054333
20040331,25785,11,1,3711,,,1760536,13.57000,2180184,-0.013091,-0.013091
20040430,25785,11,1,3711,,,1760101,15.36000,2678569,0.139278,0.131909
20040528,25785,11,1,3711,,,1759991,14.85000,2306241,-0.033203,-0.033203
20040630,25785,11,1,3711,,,1759991,15.65000,2061645,0.053872,0.053872
20040730,25785,11,1,3711,,,1759991,14.72000,1856055,-0.053035,-0.059425
20040831,25785,11,1,3711,,,1758935,14.11000,1540705,-0.041440,-0.041440
20040930,25785,11,1,3711,,,1758935,14.05000,1612104,-0.004252,-0.004252
20041029,25785,11,1,3711,,,1758935,13.03000,2255457,-0.065480,-0.072598
20041130,25785,11,1,3711,,,1758816,14.18000,1510737,0.088258,0.088258
20041231,25785,11,1,3711,,,1758816,14.64000,1510155,0.032440,0.032440
20050131,25785,11,1,3711,,,1758816,13.17000,2005541,-0.093579,-0.100410
20050228,25785,11,1,3711,,,1758816,12.65000,1575125,-0.039484,-0.039484
20050331,25785,11,1,3711,,,1760048,11.33000,2500311,-0.104348,-0.104348
20050429,25785,11,1,3711,,,1760026,9.11000,3391017,-0.187114,-0.195940
20050531,25785,11,1,3711,,,1769501,9.98000,3438665,0.095499,0.095499
20050630,25785,11,1,3711,,,1769501,10.24000,3195379,0.026052,0.026052
20050729,25785,11,1,3711,,,1769501,10.74000,2023500,0.058594,0.048828
20050831,25785,11,1,3711,,,1782198,9.97000,2370902,-0.071695,-0.071695
20050930,25785,11,1,3711,,,1782198,9.86000,2348410,-0.011033,-0.011033
20051031,25785,11,1,3711,,,1782198,8.32000,4192034,-0.146045,-0.156187
20051130,25785,11,1,3711,,,1786760,8.13000,3636159,-0.022836,-0.022836
20051230,25785,11,1,3711,,,1786760,7.72000,3515529,-0.050431,-0.050431
20060131,25785,11,1,3711,,,1786760,8.58000,5988478,0.124352,0.111399
20060228,25785,11,1,3711,,,1786760,7.97000,2975768,-0.071096,-0.071096
20060331,25785,11,1,3711,,,1793286,7.96000,4830156,-0.001255,-0.001255
20060428,25785,11,1,3711,,,1797253,6.95000,6151202,-0.114322,-0.126884
20060531,25785,11,1,3711,,,1805099,7.16000,5514578,0.030216,0.030216
20060630,25785,11,1,3711,,,1805099,6.93000,5705802,-0.032123,-0.032123
20060731,25785,11,1,3711,,,1805099,6.67000,5473912,-0.030303,-0.037518
20060831,25785,11,1,3711,,,1810158,8.37000,9010137,0.254873,0.254873
20060929,25785,11,1,3711,,,1810158,8.09000,9764719,-0.033453,-0.033453
20061031,25785,11,1,3711,,,1810158,8.28000,5629481,0.023486,0.023486
20061130,25785,11,1,3711,,,1818042,8.13000,4231521,-0.018116,-0.018116
20061229,25785,11,1,3711,,,1818042,7.51000,19503071,-0.076261,-0.076261
20070131,25785,11,1,3711,,,1818042,8.13000,12532634,0.082557,0.082557
20070228,25785,11,1,3711,,,1821686,7.91000,8043103,-0.027060,-0.027060
20070330,25785,11,1,3711,,,1821686,7.89000,10436729,-0.002528,-0.002528
20070430,25785,11,1,3711,,,1824373,8.04000,6965511,0.019011,0.019011
20070531,25785,11,1,3711,,,1809296,8.34000,7747293,0.037313,0.037313
20070629,25785,11,1,3711,,,1809296,9.42000,9240628,0.129496,0.129496
20070731,25785,11,1,3711,,,1809296,8.51000,13222300,-0.096603,-0.096603
20070831,25785,11,1,3711,,,2028742,7.81000,9629827,-0.082256,-0.082256
20070928,25785,11,1,3711,,,2028742,8.49000,8430917,0.087068,0.087068
20071031,25785,11,1,3711,,,2028742,8.87000,10727196,0.044759,0.044759
20071130,25785,11,1,3711,,,2039353,7.51000,10092186,-0.153326,-0.153326
20071231,25785,11,1,3711,,,2039353,6.73000,7571435,-0.103862,-0.103862
20080131,25785,11,1,3711,,,2039353,6.64000,11582040,-0.013373,-0.013373
20080229,25785,11,1,3711,,,2136150,6.53000,7636322,-0.016566,-0.016566
20080331,25785,11,1,3711,,,2136150,5.72000,12992277,-0.124043,-0.124043
20080430,25785,11,1,3711,,,2128849,8.26000,18849992,0.444056,0.444056
20080530,25785,11,1,3711,,,2171148,6.80000,10531377,-0.176755,-0.176755
20080630,25785,11,1,3711,,,2171148,4.81000,12983652,-0.292647,-0.292647
20080731,25785,11,1,3711,,,2171148,4.80000,14733005,-0.002079,-0.002079
20080829,25785,11,1,3711,,,2190498,4.46000,10265879,-0.070833,-0.070833
20080930,25785,11,1,3711,,,2190498,5.20000,14356420,0.165919,0.165919
20081031,25785,11,1,3711,,,2190498,2.19000,16749849,-0.578846,-0.578846
20081128,25785,11,1,3711,,,2318003,2.69000,16643614,0.228310,0.228310
20081231,25785,11,1,3711,,,2318003,2.29000,25464992,-0.148699,-0.148699
20090130,25785,11,1,3711,,,2318003,1.87000,10180256,-0.183406,-0.183406
20090227,25785,11,1,3711,,,2325469,2.00000,5742324,0.069519,0.069519
20090331,25785,11,1,3711,,,2333013,2.63000,9643337,0.315000,0.315000
20090430,25785,11,1,3711,,,2800922,5.98000,24687002,1.273764,1.273764
20090529,25785,11,1,3711,,,3102398,5.75000,23678922,-0.038462,-0.038462
20090630,25785,11,1,3711,,,3102398,6.07000,18236490,0.055652,0.055652
20090731,25785,11,1,3711,,,3102398,8.00000,18577534,0.317957,0.317957
20090831,25785,11,1,3711,,,3150438,7.60000,17118369,-0.050000,-0.050000
20090930,25785,11,1,3711,,,3150438,7.21000,14104140,-0.051316,-0.051316
20091030,25785,11,1,3711,,,3150438,7.00000,14700329,-0.029126,-0.029126
20091130,25785,11,1,3711,,,3236249,8.89000,22851020,0.270000,0.270000
20091231,25785,11,1,3711,,,3236249,10.00000,13133969,0.124859,0.124859
20100129,25785,11,1,3711,,,3236249,10.84000,25568434,0.084000,0.084000
20100226,25785,11,1,3711,,,3297414,11.74000,16124842,0.083026,0.083026
20100331,25785,11,1,3711,,,3339877,12.57000,31812840,0.070698,0.070698
20100430,25785,11,1,3711,,,3324320,13.02000,25458631,0.035800,0.035800
20100528,25785,11,1,3711,,,3335729,11.73000,27142290,-0.099078,-0.099078
20100630,25785,11,1,3711,,,3335729,10.08000,17886422,-0.140665,-0.140665
20100730,25785,11,1,3711,,,3335729,12.77000,17402401,0.266865,0.266865
20100831,25785,11,1,3711,,,3368467,11.28500,13395569,-0.116288,-0.116288
20100930,25785,11,1,3711,,,3368467,12.24000,11088649,0.084626,0.084626
20101029,25785,11,1,3711,,,3401000,14.13000,15211314,0.154412,0.154412
20101130,25785,11,1,3711,,,3401803,15.94000,26217227,0.128096,0.128096
20101231,25785,11,1,3711,,,3401803,16.79000,10705805,0.053325,0.053325
20110131,25785,11,1,3711,,,3401803,15.95000,20899264,-0.050030,-0.050030
20110228,25785,11,1,3711,,,3711859,15.05000,18113230,-0.056426,-0.056426
20110331,25785,11,1,3711,,,3711859,14.91000,16952996,-0.009302,-0.009302
20110429,25785,11,1,3711,,,3725990,15.47000,13915414,0.037559,0.037559
20110531,25785,11,1,3711,,,3727333,14.92000,10975985,-0.035553,-0.035553
20110630,25785,11,1,3711,,,3727333,13.79000,15387018,-0.075737,-0.075737
20110729,25785,11,1,3711,,,3727333,12.21000,11754193,-0.114576,-0.114576
20110831,25785,11,1,3711,,,3728977,11.12000,20674371,-0.089271,-0.089271
20110930,25785,11,1,3711,,,3728977,9.67000,12264997,-0.130396,-0.130396
20111031,25785,11,1,3711,,,3728977,11.68000,16425544,0.207859,0.207859
20111130,25785,11,1,3711,,,3729248,10.60000,10909382,-0.092466,-0.092466
20111230,25785,11,1,3711,A,A,3729248,10.76000,10024329,0.015094,0.015094
20010131,59328,11,3,3679,,,6721000,37.00000,13424842,0.230769,0.230769
20010228,59328,11,3,3679,,,6718000,28.56250,9334338,-0.227500,-0.228041
20010330,59328,11,3,3679,,,6725000,26.31250,14468971,-0.078775,-0.078775
20010430,59328,11,3,3679,,,6725000,30.91000,13651669,0.174727,0.174727
20010531,59328,11,3,3679,,,6725000,27.01000,9898957,-0.125526,-0.126173
20010629,59328,11,3,3679,,,6728000,29.25000,10379195,0.082932,0.082932
20010731,59328,11,3,3679,,,6728000,29.81000,9896237,0.019145,0.019145
20010831,59328,11,3,3679,,,6728000,27.96000,9760485,-0.061389,-0.062060
20010928,59328,11,3,3679,,,6712000,20.44000,10874438,-0.268956,-0.268956
20011031,59328,11,3,3679,,,6712000,24.42000,12597876,0.194716,0.194716
20011130,59328,11,3,3679,,,6712000,32.66000,11257949,0.338247,0.337428
20011231,59328,11,3,3679,,,6698000,31.45000,8733727,-0.037048,-0.037048
20020131,59328,11,3,3679,,,6698000,35.04000,11276887,0.114149,0.114149
20020228,59328,11,3,3679,,,6703000,28.55000,9798485,-0.184646,-0.185217
20020328,59328,11,3,3679,,,6684000,30.41000,9570498,0.065149,0.065149
20020430,59328,11,3,3679,,,6684000,28.61000,10021892,-0.059191,-0.059191
20020531,59328,11,3,3679,,,6684000,27.62000,10055305,-0.033904,-0.034603
20020628,59328,11,3,3679,,,6665000,18.27000,13609276,-0.338523,-0.338523
20020731,59328,11,3,3679,,,6665000,18.79000,15453908,0.028462,0.028462
20020830,59328,11,3,3679,,,6665000,16.67000,12068438,-0.111762,-0.112826
20020930,59328,11,3,3679,,,6625000,13.89000,12760437,-0.166767,-0.166767
20021031,59328,11,3,3679,,,6625000,17.30000,19068938,0.245500,0.245500
20021129,59328,11,3,3679,,,6625000,20.88000,12806715,0.208092,0.206936
20021231,59328,11,3,3679,,,6625000,15.57000,12101851,-0.254310,-0.254310
20030131,59328,11,3,3679,,,6625000,15.70000,13248778,0.008349,0.008349
20030228,59328,11,3,3679,,,6544000,17.26000,10124093,0.100637,0.099363
20030331,59328,11,3,3679,,,6534000,16.28000,13167370,-0.056779,-0.056779
20030430,59328,11,3,3679,,,6534000,18.37000,12485552,0.128378,0.128378
20030530,59328,11,3,3679,,,6534000,20.82000,13216977,0.134458,0.133370
20030630,59328,11,3,3679,,,6510000,20.81000,13890496,-0.000480,-0.000480
20030731,59328,11,3,3679,,,6510000,24.89000,14568082,0.196060,0.196060
20030829,59328,11,3,3679,,,6510000,28.59000,11818603,0.149458,0.148654
20030930,59328,11,3,3679,,,6532000,27.52000,11862896,-0.037426,-0.037426
20031031,59328,11,3,3679,,,6532000,32.95000,12442214,0.197311,0.197311
20031128,59328,11,3,3679,,,6532000,33.54000,9297083,0.018513,0.017906
20031231,59328,11,3,3679,,,6487000,32.05000,11031608,-0.044425,-0.044425
20040130,59328,11,3,3679,,,6484000,30.52000,11360761,-0.047738,-0.047738
20040227,59328,11,3,3679,,,6477007,29.20000,11206183,-0.041940,-0.043250
20040331,59328,11,3,3679,,,6468000,27.20000,17171814,-0.068493,-0.068493
20040430,59328,11,3,3679,,,6468000,25.73000,13882574,-0.054044,-0.054044
20040528,59328,11,3,3679,,,6468000,28.55000,12196525,0.111154,0.109600
20040630,59328,11,3,3679,,,6415000,27.60000,10426664,-0.033275,-0.033275
20040730,59328,11,3,3679,,,6415000,24.38000,16957818,-0.116667,-0.116667
20040831,59328,11,3,3679,,,6415000,21.29000,12853986,-0.125102,-0.126743
20040930,59328,11,3,3679,,,6323000,20.06000,15840869,-0.057774,-0.057774
20041029,59328,11,3,3679,,,6323000,22.26000,15326621,0.109671,0.109671
20041130,59328,11,3,3679,,,6323000,22.38000,14559699,0.007188,0.005391
20041231,59328,11,3,3679,,,6253000,23.39000,15198717,0.045130,0.045130
20050131,59328,11,3,3679,,,6227000,22.45000,16078810,-0.040188,-0.040188
20050228,59328,11,3,3679,,,6180500,23.99000,14381821,0.072160,0.068597
20050331,59328,11,3,3679,,,6180500,23.23000,13853706,-0.031680,-0.031680
20050429,59328,11,3,3679,,,6173000,23.52000,13902666,0.012484,0.012484
20050531,59328,11,3,3679,,,6173000,26.96000,13025157,0.149660,0.146258
20050630,59328,11,3,3679,,,6173000,26.02000,11934413,-0.034866,-0.034866
20050729,59328,11,3,3679,,,6093000,27.14000,10825277,0.043044,0.043044
20050831,59328,11,3,3679,,,6093000,25.72000,10099008,-0.049374,-0.052321
20050930,59328,11,3,3679,,,6028000,24.65000,10934244,-0.041602,-0.041602
20051031,59328,11,3,3679,,,6029000,23.50000,11750707,-0.046653,-0.046653
20051130,59328,11,3,3679,,,6029000,26.68000,11383518,0.138723,0.135319
20051230,59328,11,3,3679,,,5919000,24.96000,11190893,-0.064468,-0.064468
20060131,59328,11,3,3679,,,5883000,21.25500,18780780,-0.148438,-0.148438
20060228,59328,11,3,3679,,,5816461,20.60000,16085943,-0.026111,-0.030816
20060331,59328,11,3,3679,,,5808000,19.46000,19471798,-0.055340,-0.055340
20060428,59328,11,3,3679,,,5817000,19.98000,15211934,0.026722,0.026722
20060531,59328,11,3,3679,,,5817000,18.02000,17016413,-0.093093,-0.098098
20060630,59328,11,3,3679,,,5767000,19.00000,16170267,0.054384,0.054384
20060731,59328,11,3,3679,,,5768000,18.00000,13203249,-0.052632,-0.052632
20060831,59328,11,3,3679,,,5768000,19.57000,13339536,0.092778,0.087222
20060929,59328,11,3,3679,,,5758000,20.57000,13993040,0.051099,0.051099
20061031,59328,11,3,3679,,,5766000,21.34000,16188490,0.037433,0.037433
20061130,59328,11,3,3679,,,5766000,21.39500,12061401,0.007263,0.002577
20061229,59328,11,3,3679,,,5766000,20.25000,9149613,-0.053517,-0.053517
20070131,59328,11,3,3679,,,5766000,20.96000,16243016,0.035062,0.035062
20070228,59328,11,3,3679,,,5781681,19.86000,11780293,-0.047113,-0.052481
20070330,59328,11,3,3679,,,5781000,19.13000,13850941,-0.036757,-0.036757
20070430,59328,11,3,3679,,,5810000,21.50000,14831270,0.123889,0.123889
20070531,59328,11,3,3679,,,5810000,22.17990,12893997,0.036856,0.031623
20070629,59328,11,3,3679,,,5823000,23.73990,13738518,0.070334,0.070334
20070731,59328,11,3,3679,,,5840000,23.62000,15029911,-0.005051,-0.005051
20070831,59328,11,3,3679,,,5840000,25.75000,15361992,0.094941,0.090178
20070928,59328,11,3,3679,,,5837000,25.86000,11862810,0.004272,0.004272
20071031,59328,11,3,3679,,,5847000,26.90000,15677579,0.040217,0.040217
20071130,59328,11,3,3679,,,5847000,26.08000,13684959,-0.026301,-0.030483
20071231,59328,11,3,3679,,,5818000,26.66000,9466968,0.022239,0.022239
20080131,59328,11,3,3679,,,5818000,21.10000,24785848,-0.208552,-0.208552
20080229,59328,11,3,3679,,,5788000,19.96990,14639251,-0.047517,-0.053559
20080331,59328,11,3,3679,,,5722000,21.18000,13622921,0.060596,0.060596
20080430,59328,11,3,3679,,,5728000,22.26000,12846865,0.050991,0.050991
20080530,59328,11,3,3679,,,5728000,23.18000,11491996,0.047619,0.041330
20080630,59328,11,3,3679,,,5640000,21.48000,11371269,-0.073339,-0.073339
20080731,59328,11,3,3679,,,5622000,22.19000,13824136,0.033054,0.033054
20080829,59328,11,3,3679,,,5622000,22.87000,10861451,0.036954,0.030644
20080930,59328,11,3,3679,,,5562000,18.73000,16239950,-0.181023,-0.181023
20081031,59328,11,3,3679,,,5562000,16.03100,23402689,-0.144100,-0.144100
20081128,59328,11,3,3679,,,5562000,13.80000,15372976,-0.130435,-0.139168
20081231,59328,11,3,3679,,,5562000,14.66000,13273057,0.062319,0.062319
20090130,59328,11,3,3679,,,5562000,12.90000,12684529,-0.120055,-0.120055
20090227,59328,11,3,3679,,,5562000,12.74000,13342640,-0.001550,-0.012403
20090331,59328,11,3,3679,,,5585000,15.03000,16425898,0.179749,0.179749
20090430,59328,11,3,3679,,,5585000,15.78000,15148896,0.049900,0.049900
20090529,59328,11,3,3679,,,5585000,15.72000,13431086,0.005070,-0.003802
20090630,59328,11,3,3679,,,5597000,16.55000,13086159,0.052799,0.052799
20090731,59328,11,3,3679,,,5598000,19.25000,17311947,0.163142,0.163142
20090831,59328,11,3,3679,,,5598000,20.32000,11130279,0.062857,0.055584
20090930,59328,11,3,3679,,,5520000,19.57000,10711139,-0.036909,-0.036909
20091030,59328,11,3,3679,,,5522000,19.11000,17083434,-0.023505,-0.023505
20091130,59328,11,3,3679,,,5522000,19.20000,11880795,0.012036,0.004710
20091231,59328,11,3,3679,,,5523000,20.40000,10413427,0.062500,0.062500
20100129,59328,11,3,3679,,,5523000,19.40000,15134718,-0.049020,-0.049020
20100226,59328,11,3,3679,,,5524000,20.53000,11286921,0.066366,0.058247
20100331,59328,11,3,3679,,,5564000,22.29000,12952734,0.085728,0.085728
20100430,59328,11,3,3679,,,5564000,22.84000,15562001,0.024675,0.024675
20100528,59328,11,3,3679,,,5564000,21.42000,18358308,-0.055276,-0.062172
20100630,59328,11,3,3679,,,5567000,19.45000,13678885,-0.091970,-0.091970
20100730,59328,11,3,3679,,,5568000,20.60000,16128696,0.059126,0.059126
20100831,59328,11,3,3679,,,5568000,17.66500,17445120,-0.134830,-0.142476
20100930,59328,11,3,3679,,,5576000,19.20000,13505615,0.086895,0.086895
20101029,59328,11,3,3679,,,5578000,20.05000,14075976,0.044271,0.044271
20101130,59328,11,3,3679,,,5578000,21.15750,11304826,0.063092,0.055237
20101231,59328,11,3,3679,,,5511000,21.03000,9237660,-0.006026,-0.006026
20110131,59328,11,3,3679,,,5511000,21.46000,14546645,0.020447,0.020447
20110228,59328,11,3,3679,,,5488000,21.47000,10048935,0.008910,0.000466
20110331,59328,11,3,3679,,,5385158,20.18000,13328933,-0.060084,-0.060084
20110429,59328,11,3,3679,,,5302000,23.15000,14498873,0.147175,0.147175
20110531,59328,11,3,3679,,,5302000,22.51000,15876901,-0.019819,-0.027646
20110630,59328,11,3,3679,,,5302000,22.16000,11860109,-0.015549,-0.015549
20110729,59328,11,3,3679,,,5251000,22.33000,9474186,0.007671,0.007671
20110831,59328,11,3,3679,,,5251000,20.13000,15569964,-0.089118,-0.098522
20110930,59328,11,3,3679,,,5118000,21.33500,13398764,0.059861,0.059861
20111031,59328,11,3,3679,,,5092000,24.54000,15544825,0.150223,0.150223
20111130,59328,11,3,3679,,,5092000,24.91000,11414268,0.023635,0.015077
20111230,59328,11,3,3679,A,A,5092000,24.25000,9909165,-0.026495,-0.026495
20010131,84788,11,3,7370,,,357140,17.31250,2125441,0.112450,0.112450
20010228,84788,11,3,7370,,,358555,10.18750,1697849,-0.411552,-0.411552
20010330,84788,11,3,7370,,,358847,10.23000,1691550,0.004172,0.004172
20010430,84788,11,3,7370,,,359191,15.78000,1915978,0.542522,0.542522
20010531,84788,11,3,7370,,,359191,16.69000,1459219,0.057668,0.057668
20010629,84788,11,3,7370,,,362191,14.15000,1379561,-0.152187,-0.152187
20010731,84788,11,3,7370,,,362744,12.49000,1737997,-0.117314,-0.117314
20010831,84788,11,3,7370,,,362744,8.94000,1016247,-0.284227,-0.284227
20010928,84788,11,3,7370,,,371766,5.97000,1276930,-0.332215,-0.332215
20011031,84788,11,3,7370,,,371753,6.98000,1713014,0.169179,0.169179
20011130,84788,11,3,7370,,,371753,11.32000,3138233,0.621776,0.621776
20011231,84788,11,3,7370,,,373218,10.82000,2150204,-0.044170,-0.044170
20020131,84788,11,3,7370,,,373291,14.19000,3258010,0.311460,0.311460
20020228,84788,11,3,7370,,,373291,14.10000,1654981,-0.006342,-0.006342
20020328,84788,11,3,7370,,,375109,14.30000,1645960,0.014184,0.014184
20020430,84788,11,3,7370,,,375075,16.69000,1609009,0.167133,0.167133
20020531,84788,11,3,7370,,,375075,18.23000,1568676,0.092271,0.092271
20020628,84788,11,3,7370,,,380304,16.25000,1447732,-0.108612,-0.108612
20020731,84788,11,3,7370,,,380469,14.45900,1785289,-0.110215,-0.110215
20020830,84788,11,3,7370,,,380469,14.94000,1167785,0.033266,0.033266
20020930,84788,11,3,7370,,,381216,15.93000,1477773,0.066265,0.066265
20021031,84788,11,3,7370,,,381465,19.36000,2060106,0.215317,0.215317
20021129,84788,11,3,7370,,,381465,23.35000,2080412,0.206095,0.206095
20021231,84788,11,3,7370,,,387906,18.89000,1602158,-0.191006,-0.191006
20030131,84788,11,3,7370,,,388243,21.85000,1720555,0.156697,0.156697
20030228,84788,11,3,7370,,,388243,22.01000,1185366,0.007323,0.007323
20030331,84788,11,3,7370,,,391609,26.03000,1653831,0.182644,0.182644
20030430,84788,11,3,7370,,,391719,28.69000,2242676,0.102190,0.102190
20030530,84788,11,3,7370,,,391719,35.89000,1929535,0.250958,0.250958
20030630,84788,11,3,7370,,,396730,36.32000,1746060,0.011981,0.011981
20030731,84788,11,3,7370,,,396988,41.64000,2318677,0.146476,0.146476
20030829,84788,11,3,7370,,,398861,46.32000,1525229,0.112392,0.112392
20030930,84788,11,3,7370,,,400422,48.43000,2050726,0.045553,0.045553
20031031,84788,11,3,7370,,,401075,54.43000,2913755,0.123890,0.123890
20031128,84788,11,3,7370,,,401075,53.97000,1845927,-0.008451,-0.008451
20031231,84788,11,3,7370,,,403354,52.62000,1950360,-0.025014,-0.025014
20040130,84788,11,3,7370,,,403354,50.40000,2197062,-0.042189,-0.042189
20040227,84788,11,3,7370,,,404331,43.01000,1899779,-0.146627,-0.146627
20040331,84788,11,3,7370,,,404894,43.28000,1614569,0.006278,0.006278
20040430,84788,11,3,7370,,,405024,43.60000,1639552,0.007394,0.007394
20040528,84788,11,3,7370,,,405024,48.50000,1566437,0.112385,0.112385
20040630,84788,11,3,7370,,,406711,54.40000,1634008,0.121650,0.121650
20040730,84788,11,3,7370,,,406861,38.92000,2028411,-0.284559,-0.284559
20040831,84788,11,3,7370,,,406861,38.14000,1810916,-0.020041,-0.020041
20040930,84788,11,3,7370,,,407464,40.86000,1775701,0.071316,0.071316
20041029,84788,11,3,7370,,,408052,34.13000,2100177,-0.164709,-0.164709
20041130,84788,11,3,7370,,,408052,39.68000,1693397,0.162614,0.162614
20041231,84788,11,3,7370,,,409711,44.29000,1770811,0.116179,0.116179
20050131,84788,11,3,7370,,,409711,43.22000,1950816,-0.024159,-0.024159
20050228,84788,11,3,7370,,,409711,35.18000,2216684,-0.186025,-0.186025
20050331,84788,11,3,7370,,,411000,34.27000,1207038,-0.025867,-0.025867
20050429,84788,11,3,7370,,,410890,32.36000,1673823,-0.055734,-0.055734
20050531,84788,11,3,7370,,,410890,35.51000,1178687,0.097342,0.097342
20050630,84788,11,3,7370,,,410890,33.09000,1076818,-0.068150,-0.068150
20050729,84788,11,3,7370,,,411913,45.15000,1849677,0.364461,0.364461
20050831,84788,11,3,7370,,,411913,42.70000,1167934,-0.054264,-0.054264
20050930,84788,11,3,7370,,,414000,45.30000,1064092,0.060890,0.060890
20051031,84788,11,3,7370,,,414473,39.86000,1481344,-0.120088,-0.120088
20051130,84788,11,3,7370,,,414473,48.46000,2176167,0.215755,0.215755
20051230,84788,11,3,7370,,,416000,47.15000,1223503,-0.027033,-0.027033
20060131,84788,11,3,7370,,,416000,44.82000,1243542,-0.049417,-0.049417
20060228,84788,11,3,7370,,,416923,37.44000,1660688,-0.164659,-0.164659
20060331,84788,11,3,7370,,,417000,36.53000,1225117,-0.024306,-0.024306
20060428,84788,11,3,7370,,,417865,35.21000,1070492,-0.036135,-0.036135
20060531,84788,11,3,7370,,,417865,34.61000,1460341,-0.017041,-0.017041
20060630,84788,11,3,7370,,,419000,38.68000,1155849,0.117596,0.117596
20060731,84788,11,3,7370,,,418943,26.89000,2298955,-0.304809,-0.304809
20060831,84788,11,3,7370,,,418943,30.83000,1602105,0.146523,0.146523
20060929,84788,11,3,7370,,,411000,32.12000,1462833,0.041842,0.041842
20061031,84788,11,3,7370,,,411923,38.09000,2109535,0.185866,0.185866
20061130,84788,11,3,7370,,,411923,40.34000,1471475,0.059071,0.059071
20061229,84788,11,3,7370,,,414000,39.46000,1218775,-0.021815,-0.021815
20070131,84788,11,3,7370,,,414000,37.67000,1306299,-0.045362,-0.045362
20070228,84788,11,3,7370,,,414679,39.14000,1590461,0.039023,0.039023
20070330,84788,11,3,7370,,,409000,39.79000,1422737,0.016607,0.016607
20070430,84788,11,3,7370,,,409698,61.33000,3494841,0.541342,0.541342
20070531,84788,11,3,7370,,,409698,69.14000,3176083,0.127344,0.127344
20070629,84788,11,3,7370,,,413000,68.41000,2398896,-0.010558,-0.010558
20070731,84788,11,3,7370,,,413399,78.54000,2662588,0.148078,0.148078
20070831,84788,11,3,7370,,,413399,79.91000,1758104,0.017443,0.017443
20070928,84788,11,3,7370,,,415000,93.15000,1223074,0.165686,0.165686
20071031,84788,11,3,7370,,,415177,89.15000,2317527,-0.042941,-0.042941
20071130,84788,11,3,7370,,,415177,90.56000,1807344,0.015816,0.015816
20071231,84788,11,3,7370,,,416000,92.64000,1267112,0.022968,0.022968
20080131,84788,11,3,7370,,,416000,77.70000,2887044,-0.161269,-0.161269
20080229,84788,11,3,7370,,,417212,64.47000,2112514,-0.170270,-0.170270
20080331,84788,11,3,7370,,,417000,71.30000,1932182,0.105941,0.105941
20080430,84788,11,3,7370,,,417680,78.63000,1979034,0.102805,0.102805
20080530,84788,11,3,7370,,,417680,81.62000,1529391,0.038026,0.038026
20080630,84788,11,3,7370,,,426000,73.33000,1533312,-0.101568,-0.101568
20080731,84788,11,3,7370,,,425921,76.34000,2158736,0.041047,0.041047
20080829,84788,11,3,7370,,,425921,80.81000,1491269,0.058554,0.058554
20080930,84788,11,3,7370,,,429000,72.76000,1925654,-0.099616,-0.099616
20081031,84788,11,3,7370,,,428832,57.24000,3321823,-0.213304,-0.213304
20081128,84788,11,3,7370,,,428832,42.70000,2284628,-0.254018,-0.254018
20081231,84788,11,3,7370,,,428000,51.28000,2076171,0.200937,0.200937
20090130,84788,11,3,7370,,,428583,58.82000,2057604,0.147036,0.147036
20090227,84788,11,3,7370,,,429120,64.79000,1925776,0.101496,0.101496
20090331,84788,11,3,7370,,,429000,73.44000,2347823,0.133508,0.133508
20090430,84788,11,3,7370,,,429648,80.52000,1913170,0.096405,0.096405
20090529,84788,11,3,7370,,,429648,77.99000,1428518,-0.031421,-0.031421
20090630,84788,11,3,7370,,,432000,83.66000,1572317,0.072702,0.072702
20090731,84788,11,3,7370,,,431807,85.76000,1811170,0.025102,0.025102
20090831,84788,11,3,7370,,,431807,81.19000,1175405,-0.053288,-0.053288
20090930,84788,11,3,7370,,,433000,93.36000,1335885,0.149895,0.149895
20091030,84788,11,3,7370,,,432983,118.81000,2762898,0.272601,0.272601
20091130,84788,11,3,7370,,,432983,135.91000,1664104,0.143927,0.143927
20091231,84788,11,3,7370,,,444000,134.52000,2141367,-0.010227,-0.010227
20100129,84788,11,3,7370,,,444546,125.41000,2379285,-0.067722,-0.067722
20100226,84788,11,3,7370,,,445226,118.40000,2155519,-0.055897,-0.055897
20100331,84788,11,3,7370,,,446000,135.77000,1631461,0.146706,0.146706
20100430,84788,11,3,7370,,,445672,137.10001,1789496,0.009796,0.009796
20100528,84788,11,3,7370,,,445672,125.46000,1464113,-0.084902,-0.084902
20100630,84788,11,3,7370,,,448000,109.26000,1389985,-0.129125,-0.129125
20100730,84788,11,3,7370,,,447825,117.89000,1811887,0.078986,0.078986
20100831,84788,11,3,7370,,,447825,124.83000,1181509,0.058868,0.058868
20100930,84788,11,3,7370,,,449000,157.06000,1397664,0.258191,0.258191
20101029,84788,11,3,7370,,,448837,165.23000,1492499,0.052018,0.052018
20101130,84788,11,3,7370,,,448837,175.39999,1372950,0.061551,0.061551
20101231,84788,11,3,7370,,,451000,180.00000,983320,0.026226,0.026226
20110131,84788,11,3,7370,,,451004,169.64000,1192172,-0.057556,-0.057556
20110228,84788,11,3,7370,,,451616,173.28999,1013798,0.021516,0.021516
20110331,84788,11,3,7370,,,452000,180.13000,1263632,0.039471,0.039471
20110429,84788,11,3,7370,,,452043,195.81000,1223903,0.087048,0.087048
20110531,84788,11,3,7370,,,452043,196.69000,1142393,0.004494,0.004494
20110630,84788,11,3,7370,,,454000,204.49001,1030579,0.039656,0.039656
20110729,84788,11,3,7370,,,453935,222.52000,987787,0.088171,0.088171
20110831,84788,11,3,7370,,,453935,215.23000,1638523,-0.032761,-0.032761
20110930,84788,11,3,7370,,,455000,216.23000,1505178,0.004646,0.004646
20111031,84788,11,3,7370,,,454754,213.50999,1676436,-0.012579,-0.012579
20111130,84788,11,3,7370,,,454754,192.28999,1433889,-0.099386,-0.099386
20111230,84788,11,3,7370,A,A,454754,173.10001,1317124,-0.099797,-0.099797
